<?xml version = '1.0' encoding = 'UTF-8'?>
<Entity class="oracle.dbtools.crest.model.design.logical.Entity" directorySegmentName="seg_0" id="34AEE515-752C-56E7-5552-2F8B11B763D7" name="Items_required">
<createdBy>lisongyuan</createdBy>
<createdTime>2019-04-28 12:27:39 UTC</createdTime>
<generatorID>808C7FCB-48B2-E48B-E45A-EF804A8C9F40</generatorID>
<ownerDesignName>mh_logical</ownerDesignName>
<engineerTo>
<item key="D863919B-74DA-621E-EB76-98F1CA1D275D" value="true"/>
</engineerTo>
<adequatelyNormalized>NO</adequatelyNormalized>
<expectedVolumes>0</expectedVolumes>
<fwdEngineeringStrategyName>Single Table</fwdEngineeringStrategyName>
<growthPercent>0</growthPercent>
<growthType>Year</growthType>
<maxVolumes>9999999</maxVolumes>
<minVolumes>0</minVolumes>
<normalForm>Third</normalForm>
<attributes itemClass="oracle.dbtools.crest.model.design.logical.Attribute">
<Attribute name="quantity" id="25B05A71-A87C-165A-D7E9-8EBD56E34054">
<createdBy>lisongyuan</createdBy>
<createdTime>2019-04-28 12:27:39 UTC</createdTime>
<commentInRDBMS>quantities of the item</commentInRDBMS>
<generatorID>032788E7-9FA0-2F4C-CF88-7C321E075EB4</generatorID>
<ownerDesignName>mh_logical</ownerDesignName>
<engineerTo>
<item key="D863919B-74DA-621E-EB76-98F1CA1D275D" value="true"/>
</engineerTo>
<constraintName>chk_quantity</constraintName>
<useDomainConstraints>false</useDomainConstraints>
<use>1</use>
<logicalDatatype>LOGDT019</logicalDatatype>
<dataTypePrecision>5</dataTypePrecision>
<checkConstraint>
<implementationDef dbType="Oracle Database 11g" definition="quantity &gt; 0"/>
</checkConstraint>
<ownDataTypeParameters>,5,</ownDataTypeParameters>
</Attribute>
<Attribute name="total_item_charge" id="B3A3A22F-A16E-70B6-3520-D46BC15E795E">
<createdBy>lisongyuan</createdBy>
<createdTime>2019-04-28 12:27:39 UTC</createdTime>
<commentInRDBMS>charge of total items</commentInRDBMS>
<generatorID>86F9B467-8A95-E630-A96A-DF490BB5AB9B</generatorID>
<ownerDesignName>mh_logical</ownerDesignName>
<engineerTo>
<item key="D863919B-74DA-621E-EB76-98F1CA1D275D" value="true"/>
</engineerTo>
<constraintName>chk_itemscharge</constraintName>
<useDomainConstraints>false</useDomainConstraints>
<use>1</use>
<logicalDatatype>LOGDT019</logicalDatatype>
<dataTypePrecision>10</dataTypePrecision>
<dataTypeScale>2</dataTypeScale>
<checkConstraint>
<implementationDef dbType="Oracle Database 11g" definition="total_item_charge&gt;0"/>
</checkConstraint>
<ownDataTypeParameters>,10,2</ownDataTypeParameters>
</Attribute>
<Attribute name="item_code" id="3FD5C749-B7AF-3406-A950-3E0C8AD09F43">
<createdBy>lisongyuan</createdBy>
<createdTime>2019-04-28 12:27:39 UTC</createdTime>
<commentInRDBMS>code of item</commentInRDBMS>
<generatorID>E6B504BA-CE2D-3399-AA14-1334A676CE20</generatorID>
<ownerDesignName>mh_logical</ownerDesignName>
<engineerTo>
<item key="D863919B-74DA-621E-EB76-98F1CA1D275D" value="true"/>
</engineerTo>
<referedAttribute>A8B85424-83AB-DC65-EF35-8DAF21548FE8</referedAttribute>
<useDomainConstraints>false</useDomainConstraints>
<use>1</use>
<logicalDatatype>LOGDT024</logicalDatatype>
<dataTypeSize>5 CHAR</dataTypeSize>
<ownDataTypeParameters>,,</ownDataTypeParameters>
</Attribute>
<Attribute name="pro_date/time" id="36896F50-6153-A4E5-9643-CC3380DB1392">
<createdBy>lisongyuan</createdBy>
<createdTime>2019-04-28 12:27:39 UTC</createdTime>
<commentInRDBMS>the date and time of procedures</commentInRDBMS>
<generatorID>73A31F09-6D55-26E6-7BC6-11F88747C0E5</generatorID>
<ownerDesignName>mh_logical</ownerDesignName>
<engineerTo>
<item key="D863919B-74DA-621E-EB76-98F1CA1D275D" value="true"/>
</engineerTo>
<referedAttribute>B34A468B-A9AF-D4DB-E739-0B09613AC9C2</referedAttribute>
<useDomainConstraints>false</useDomainConstraints>
<use>1</use>
<logicalDatatype>LOGDT007</logicalDatatype>
<ownDataTypeParameters>,,</ownDataTypeParameters>
</Attribute>
<Attribute name="ad_id" id="601B1C2C-4A96-ECBB-172E-3E596B29EBF6">
<createdBy>lisongyuan</createdBy>
<createdTime>2019-04-28 12:27:39 UTC</createdTime>
<commentInRDBMS>creat a surrpgate key</commentInRDBMS>
<generatorID>73A31F09-6D55-26E6-7BC6-11F88747C0E5</generatorID>
<ownerDesignName>mh_logical</ownerDesignName>
<engineerTo>
<item key="D863919B-74DA-621E-EB76-98F1CA1D275D" value="true"/>
</engineerTo>
<referedAttribute>76927A3B-D3EC-3277-031A-ED0729F94410</referedAttribute>
<useDomainConstraints>false</useDomainConstraints>
<use>1</use>
<logicalDatatype>LOGDT019</logicalDatatype>
<dataTypePrecision>15</dataTypePrecision>
<ownDataTypeParameters>,,</ownDataTypeParameters>
</Attribute>
</attributes>
<identifiers itemClass="oracle.dbtools.crest.model.design.logical.CandidateKey">
<identifier id="E84F4368-8B32-80B6-F75E-CBE41A58870A" name="Items_required_PK">
<createdBy>lisongyuan</createdBy>
<createdTime>2019-04-28 12:27:39 UTC</createdTime>
<generatorID>C9FF03DD-CEBA-6E01-03F3-EBB855A46478</generatorID>
<ownerDesignName>mh_logical</ownerDesignName>
<shouldEngineer>false</shouldEngineer>
<engineerTo>
<item key="D863919B-74DA-621E-EB76-98F1CA1D275D" value="false"/>
</engineerTo>
<pk>true</pk>
<usedAttributes>
<attributeRef>3FD5C749-B7AF-3406-A950-3E0C8AD09F43</attributeRef>
<attributeRef>25B05A71-A87C-165A-D7E9-8EBD56E34054</attributeRef>
</usedAttributes>
</identifier>
</identifiers>
</Entity>