<?xml version = '1.0' encoding = 'UTF-8'?>
<Entity class="oracle.dbtools.crest.model.design.logical.Entity" directorySegmentName="seg_0" id="3B7587FD-30F9-2CAF-C162-34C58B3A4F88" name="Items">
<createdBy>lisongyuan</createdBy>
<createdTime>2019-04-28 12:27:39 UTC</createdTime>
<generatorID>52D72A50-F1D7-8392-74EE-13C6A54C6583</generatorID>
<ownerDesignName>mh_logical</ownerDesignName>
<engineerTo>
<item key="D863919B-74DA-621E-EB76-98F1CA1D275D" value="true"/>
</engineerTo>
<adequatelyNormalized>NO</adequatelyNormalized>
<expectedVolumes>0</expectedVolumes>
<fwdEngineeringStrategyName>Single Table</fwdEngineeringStrategyName>
<growthPercent>0</growthPercent>
<growthType>Year</growthType>
<maxVolumes>9999999</maxVolumes>
<minVolumes>0</minVolumes>
<normalForm>Third</normalForm>
<attributes itemClass="oracle.dbtools.crest.model.design.logical.Attribute">
<Attribute name="item_code" id="A8B85424-83AB-DC65-EF35-8DAF21548FE8">
<createdBy>lisongyuan</createdBy>
<createdTime>2019-04-28 12:27:39 UTC</createdTime>
<commentInRDBMS>code of item</commentInRDBMS>
<generatorID>B9DE0354-A060-0D9C-901E-9CD65F249914</generatorID>
<ownerDesignName>mh_logical</ownerDesignName>
<engineerTo>
<item key="D863919B-74DA-621E-EB76-98F1CA1D275D" value="true"/>
</engineerTo>
<useDomainConstraints>false</useDomainConstraints>
<use>1</use>
<logicalDatatype>LOGDT024</logicalDatatype>
<dataTypeSize>5 CHAR</dataTypeSize>
<ownDataTypeParameters>5 CHAR,,</ownDataTypeParameters>
</Attribute>
<Attribute name="item_descr" id="E254275A-D9A8-9A47-B6E6-AD135A719DD1">
<createdBy>lisongyuan</createdBy>
<createdTime>2019-04-28 12:27:39 UTC</createdTime>
<commentInRDBMS>item description</commentInRDBMS>
<generatorID>D9B2B5DC-0CAE-2C6D-07F8-5FA2FA981880</generatorID>
<ownerDesignName>mh_logical</ownerDesignName>
<engineerTo>
<item key="D863919B-74DA-621E-EB76-98F1CA1D275D" value="true"/>
</engineerTo>
<useDomainConstraints>false</useDomainConstraints>
<use>1</use>
<logicalDatatype>LOGDT024</logicalDatatype>
<dataTypeSize>50 CHAR</dataTypeSize>
<ownDataTypeParameters>50 CHAR,,</ownDataTypeParameters>
</Attribute>
<Attribute name="item_currstock" id="54185613-1A60-AE2F-BB21-AFFF43DDE1A7">
<createdBy>lisongyuan</createdBy>
<createdTime>2019-04-28 12:27:39 UTC</createdTime>
<commentInRDBMS>the current stock of item</commentInRDBMS>
<generatorID>D272B2CA-B2D0-8CD7-8546-D7C1B1A2DA28</generatorID>
<ownerDesignName>mh_logical</ownerDesignName>
<engineerTo>
<item key="D863919B-74DA-621E-EB76-98F1CA1D275D" value="true"/>
</engineerTo>
<useDomainConstraints>false</useDomainConstraints>
<use>1</use>
<logicalDatatype>LOGDT019</logicalDatatype>
<dataTypePrecision>10</dataTypePrecision>
<ownDataTypeParameters>,10,</ownDataTypeParameters>
</Attribute>
<Attribute name="item_price" id="88471A28-29E7-641A-B112-71B9A56FB8CC">
<createdBy>lisongyuan</createdBy>
<createdTime>2019-04-28 12:27:39 UTC</createdTime>
<commentInRDBMS>item price</commentInRDBMS>
<generatorID>04FAE7AE-6080-FBAD-40D5-2D8ED94D2C78</generatorID>
<ownerDesignName>mh_logical</ownerDesignName>
<engineerTo>
<item key="D863919B-74DA-621E-EB76-98F1CA1D275D" value="true"/>
</engineerTo>
<constraintName>chk_item price</constraintName>
<useDomainConstraints>false</useDomainConstraints>
<use>1</use>
<logicalDatatype>LOGDT019</logicalDatatype>
<dataTypePrecision>10</dataTypePrecision>
<dataTypeScale>2</dataTypeScale>
<checkConstraint>
<implementationDef dbType="Oracle Database 11g" definition="item_price&gt;=0"/>
</checkConstraint>
<ownDataTypeParameters>,10,2</ownDataTypeParameters>
</Attribute>
<Attribute name="centre_code" id="79D6F0F0-9916-2E22-B29C-D2853C780A99">
<createdBy>lisongyuan</createdBy>
<createdTime>2019-04-28 12:27:39 UTC</createdTime>
<commentInRDBMS>centre code</commentInRDBMS>
<generatorID>B26EDE27-B6A0-3DD8-5B45-CCCDC0A80E09</generatorID>
<ownerDesignName>mh_logical</ownerDesignName>
<engineerTo>
<item key="D863919B-74DA-621E-EB76-98F1CA1D275D" value="true"/>
</engineerTo>
<referedAttribute>EE617CE8-ADA7-4883-5A98-B834DEF47FB8</referedAttribute>
<useDomainConstraints>false</useDomainConstraints>
<use>1</use>
<logicalDatatype>LOGDT019</logicalDatatype>
<dataTypePrecision>10</dataTypePrecision>
<ownDataTypeParameters>,,</ownDataTypeParameters>
</Attribute>
</attributes>
<identifiers itemClass="oracle.dbtools.crest.model.design.logical.CandidateKey">
<identifier id="ACDAC6A6-B658-56D5-6E21-7BE91A75AB2A" name="Items_PK">
<createdBy>lisongyuan</createdBy>
<createdTime>2019-04-28 12:27:39 UTC</createdTime>
<generatorID>BF89E3D1-7D4B-DE0D-416C-9825E9AADD3C</generatorID>
<ownerDesignName>mh_logical</ownerDesignName>
<shouldEngineer>false</shouldEngineer>
<engineerTo>
<item key="D863919B-74DA-621E-EB76-98F1CA1D275D" value="false"/>
</engineerTo>
<pk>true</pk>
<usedAttributes>
<attributeRef>A8B85424-83AB-DC65-EF35-8DAF21548FE8</attributeRef>
</usedAttributes>
</identifier>
</identifiers>
</Entity>