<?xml version = '1.0' encoding = 'UTF-8'?>
<Entity class="oracle.dbtools.crest.model.design.logical.Entity" directorySegmentName="seg_0" id="54DE94E7-C6F2-F2D9-4181-78FBD265E20B" name="Admissions">
<createdBy>lisongyuan</createdBy>
<createdTime>2019-04-28 12:27:39 UTC</createdTime>
<generatorID>C86C41C4-F9CE-D5DA-1BCB-D57E567F9F8A</generatorID>
<ownerDesignName>mh_logical</ownerDesignName>
<engineerTo>
<item key="D863919B-74DA-621E-EB76-98F1CA1D275D" value="true"/>
</engineerTo>
<adequatelyNormalized>NO</adequatelyNormalized>
<expectedVolumes>0</expectedVolumes>
<fwdEngineeringStrategyName>Single Table</fwdEngineeringStrategyName>
<growthPercent>0</growthPercent>
<growthType>Year</growthType>
<maxVolumes>9999999</maxVolumes>
<minVolumes>0</minVolumes>
<normalForm>Third</normalForm>
<attributes itemClass="oracle.dbtools.crest.model.design.logical.Attribute">
<Attribute name="ad_date/time" id="4EF5CA07-4E15-E61E-64A7-1B56B0486C5B">
<createdBy>lisongyuan</createdBy>
<createdTime>2019-04-28 12:27:39 UTC</createdTime>
<commentInRDBMS>the date and time of admission</commentInRDBMS>
<generatorID>25502C72-9011-0C8E-5A69-1C61033B3D11</generatorID>
<ownerDesignName>mh_logical</ownerDesignName>
<engineerTo>
<item key="D863919B-74DA-621E-EB76-98F1CA1D275D" value="true"/>
</engineerTo>
<useDomainConstraints>false</useDomainConstraints>
<use>1</use>
<logicalDatatype>LOGDT007</logicalDatatype>
<ownDataTypeParameters>,,</ownDataTypeParameters>
</Attribute>
<Attribute name="pat_id" id="A0C39285-7F80-70B3-1C10-CE1C9D6FFD92">
<createdBy>lisongyuan</createdBy>
<createdTime>2019-04-28 12:27:39 UTC</createdTime>
<commentInRDBMS>pat_id:patient ID</commentInRDBMS>
<generatorID>A51D273D-6DE8-9781-884D-DE39A58C7404</generatorID>
<ownerDesignName>mh_logical</ownerDesignName>
<engineerTo>
<item key="D863919B-74DA-621E-EB76-98F1CA1D275D" value="true"/>
</engineerTo>
<referedAttribute>D739DD46-06F8-D412-82E0-BB31650E200A</referedAttribute>
<useDomainConstraints>false</useDomainConstraints>
<use>1</use>
<logicalDatatype>LOGDT019</logicalDatatype>
<dataTypePrecision>6</dataTypePrecision>
<ownDataTypeParameters>,,</ownDataTypeParameters>
</Attribute>
<Attribute name="sp_doc_id" id="D4F713DD-DE82-3AF6-32B2-FD00B6424E18">
<createdBy>lisongyuan</createdBy>
<createdTime>2019-04-28 12:27:39 UTC</createdTime>
<commentInRDBMS>doctor&apos;s ID</commentInRDBMS>
<generatorID>518A661E-9D81-14B5-0168-81258940D47F</generatorID>
<ownerDesignName>mh_logical</ownerDesignName>
<engineerTo>
<item key="D863919B-74DA-621E-EB76-98F1CA1D275D" value="true"/>
</engineerTo>
<referedAttribute>BA7BBCB0-9EEB-A967-F6F9-088B7F46C44A</referedAttribute>
<useDomainConstraints>false</useDomainConstraints>
<use>1</use>
<logicalDatatype>LOGDT019</logicalDatatype>
<dataTypePrecision>4</dataTypePrecision>
<ownDataTypeParameters>,,</ownDataTypeParameters>
</Attribute>
<Attribute name="ad_id" id="23762B64-E45E-5932-9040-19E75BB15BFC">
<createdBy>lisongyuan</createdBy>
<createdTime>2019-04-28 12:27:39 UTC</createdTime>
<commentInRDBMS>creat a surrpgate key</commentInRDBMS>
<generatorID>45BC8036-42F3-0111-B805-26F5D9042DA8</generatorID>
<ownerDesignName>mh_logical</ownerDesignName>
<engineerTo>
<item key="D863919B-74DA-621E-EB76-98F1CA1D275D" value="true"/>
</engineerTo>
<useDomainConstraints>false</useDomainConstraints>
<use>1</use>
<logicalDatatype>LOGDT019</logicalDatatype>
<dataTypePrecision>15</dataTypePrecision>
<ownDataTypeParameters>,15,</ownDataTypeParameters>
</Attribute>
</attributes>
<identifiers itemClass="oracle.dbtools.crest.model.design.logical.CandidateKey">
<identifier id="0B2857CC-C515-C213-FDD0-A4A5E95A9B40" name="Admissions_PK">
<createdBy>lisongyuan</createdBy>
<createdTime>2019-04-28 12:27:39 UTC</createdTime>
<generatorID>1923D3C8-F922-5BC2-9E55-795350EA6B58</generatorID>
<ownerDesignName>mh_logical</ownerDesignName>
<shouldEngineer>false</shouldEngineer>
<engineerTo>
<item key="D863919B-74DA-621E-EB76-98F1CA1D275D" value="false"/>
</engineerTo>
<pk>true</pk>
<usedAttributes>
<attributeRef>23762B64-E45E-5932-9040-19E75BB15BFC</attributeRef>
</usedAttributes>
</identifier>
<identifier id="FFE6BF7F-615E-0B0E-E318-E7A2BCC2200F" name="unique">
<createdBy>lisongyuan</createdBy>
<createdTime>2019-04-28 12:27:39 UTC</createdTime>
<generatorID>9BB95357-BE7E-B55A-23A5-B3059470E31B</generatorID>
<ownerDesignName>mh_logical</ownerDesignName>
<shouldEngineer>false</shouldEngineer>
<engineerTo>
<item key="D863919B-74DA-621E-EB76-98F1CA1D275D" value="false"/>
</engineerTo>
<usedAttributes>
<attributeRef>4EF5CA07-4E15-E61E-64A7-1B56B0486C5B</attributeRef>
<attributeRef>A0C39285-7F80-70B3-1C10-CE1C9D6FFD92</attributeRef>
</usedAttributes>
</identifier>
</identifiers>
</Entity>