<?xml version = '1.0' encoding = 'UTF-8'?>
<Entity class="oracle.dbtools.crest.model.design.logical.Entity" directorySegmentName="seg_0" id="EF1926B9-147C-54CF-3DDC-499B8CCFF441" name="Bed">
<createdBy>lisongyuan</createdBy>
<createdTime>2019-04-28 12:27:39 UTC</createdTime>
<generatorID>92546FD2-352C-5234-C874-4C3C2B9AC4C2</generatorID>
<ownerDesignName>mh_logical</ownerDesignName>
<engineerTo>
<item key="D863919B-74DA-621E-EB76-98F1CA1D275D" value="true"/>
</engineerTo>
<adequatelyNormalized>NO</adequatelyNormalized>
<expectedVolumes>0</expectedVolumes>
<fwdEngineeringStrategyName>Single Table</fwdEngineeringStrategyName>
<growthPercent>0</growthPercent>
<growthType>Year</growthType>
<maxVolumes>9999999</maxVolumes>
<minVolumes>0</minVolumes>
<normalForm>Third</normalForm>
<attributes itemClass="oracle.dbtools.crest.model.design.logical.Attribute">
<Attribute name="bed_no" id="B387B538-B7DD-1F30-6E75-3965992AE85C">
<createdBy>lisongyuan</createdBy>
<createdTime>2019-04-28 12:27:39 UTC</createdTime>
<commentInRDBMS>bed_no:number of bed</commentInRDBMS>
<generatorID>4C94A255-BB82-923D-8767-B191F90AC42A</generatorID>
<ownerDesignName>mh_logical</ownerDesignName>
<engineerTo>
<item key="D863919B-74DA-621E-EB76-98F1CA1D275D" value="true"/>
</engineerTo>
<useDomainConstraints>false</useDomainConstraints>
<use>1</use>
<logicalDatatype>LOGDT025</logicalDatatype>
<dataTypeSize>10 CHAR</dataTypeSize>
<ownDataTypeParameters>10 CHAR,,</ownDataTypeParameters>
</Attribute>
<Attribute name="bed_phone" id="8D6BFB1E-7293-DC62-7AC3-31C14772DC33">
<createdBy>lisongyuan</createdBy>
<createdTime>2019-04-28 12:27:39 UTC</createdTime>
<commentInRDBMS>bed_no:bedside telephone number</commentInRDBMS>
<generatorID>FA9A5999-6412-D262-8E26-9AA4344B82A7</generatorID>
<ownerDesignName>mh_logical</ownerDesignName>
<engineerTo>
<item key="D863919B-74DA-621E-EB76-98F1CA1D275D" value="true"/>
</engineerTo>
<nullsAllowed>true</nullsAllowed>
<useDomainConstraints>false</useDomainConstraints>
<use>1</use>
<logicalDatatype>LOGDT019</logicalDatatype>
<dataTypePrecision>15</dataTypePrecision>
<ownDataTypeParameters>,15,</ownDataTypeParameters>
</Attribute>
<Attribute name="bed_type" id="A89BF78D-3A58-4528-2CC4-FD413AAEE918">
<createdBy>lisongyuan</createdBy>
<createdTime>2019-04-28 12:27:39 UTC</createdTime>
<commentInRDBMS>bed type</commentInRDBMS>
<generatorID>941AF5F7-31CC-05B8-B16E-9D6B9744C114</generatorID>
<ownerDesignName>mh_logical</ownerDesignName>
<engineerTo>
<item key="D863919B-74DA-621E-EB76-98F1CA1D275D" value="true"/>
</engineerTo>
<constraintName>choose_type</constraintName>
<useDomainConstraints>false</useDomainConstraints>
<use>1</use>
<logicalDatatype>LOGDT024</logicalDatatype>
<dataTypeSize>50 CHAR</dataTypeSize>
<listOfValues>
<valueDef value="adjustable" description=""/>
<valueDef value="fixed" description=""/>
</listOfValues>
<ownDataTypeParameters>50 CHAR,,</ownDataTypeParameters>
</Attribute>
<Attribute name="ward_code" id="B5959D8E-86DC-E765-263C-B6505435FB0C">
<createdBy>lisongyuan</createdBy>
<createdTime>2019-04-28 12:27:39 UTC</createdTime>
<commentInRDBMS>code of ward</commentInRDBMS>
<generatorID>4D7B8C96-535C-031F-8EAE-A0AC3EF0EE67</generatorID>
<ownerDesignName>mh_logical</ownerDesignName>
<engineerTo>
<item key="D863919B-74DA-621E-EB76-98F1CA1D275D" value="true"/>
</engineerTo>
<referedAttribute>B9875001-0B75-0CCB-A4FD-D0CF0BE864EB</referedAttribute>
<useDomainConstraints>false</useDomainConstraints>
<use>1</use>
<logicalDatatype>LOGDT019</logicalDatatype>
<dataTypePrecision>4</dataTypePrecision>
<ownDataTypeParameters>,4,</ownDataTypeParameters>
</Attribute>
</attributes>
<identifiers itemClass="oracle.dbtools.crest.model.design.logical.CandidateKey">
<identifier id="8A88CB1C-2D8C-D0E6-FFA6-CEDF01C721C9" name="Bed_PK">
<createdBy>lisongyuan</createdBy>
<createdTime>2019-04-28 12:27:39 UTC</createdTime>
<generatorID>60717687-3B08-E619-EAC5-51CF514E735B</generatorID>
<ownerDesignName>mh_logical</ownerDesignName>
<shouldEngineer>false</shouldEngineer>
<engineerTo>
<item key="D863919B-74DA-621E-EB76-98F1CA1D275D" value="false"/>
</engineerTo>
<pk>true</pk>
<usedAttributes>
<attributeRef>B5959D8E-86DC-E765-263C-B6505435FB0C</attributeRef>
<attributeRef>B387B538-B7DD-1F30-6E75-3965992AE85C</attributeRef>
</usedAttributes>
</identifier>
</identifiers>
</Entity>