<?xml version = '1.0' encoding = 'UTF-8'?>
<Diagram class="oracle.dbtools.crest.swingui.logical.DPVLogical" name="Logical" id="9663E6EB-0C55-C09D-1A8B-A4BAF45112A7">
<createdBy>Songyuan Li</createdBy>
<modifiedBy>Songyuan Li</modifiedBy>
<createdTime>2019-04-28 05:29:18 UTC</createdTime>
<autoRoute>false</autoRoute>
<boxInbox>true</boxInbox>
<showLegend>true</showLegend>
<showLabels>true</showLabels>
<showRelAttributes>false</showRelAttributes>
<gridEnabled>false</gridEnabled>
<showGrid>false</showGrid>
<diagramColor>-1</diagramColor>
<display>false</display>
<notation>2</notation>
<showAllDetails>false</showAllDetails>
<showElements>true</showElements>
<objectViews>
<OView class="oracle.dbtools.crest.swingui.TVLegend" oid="078E99E5-276B-C0AB-594F-A9ECAA1D8936" otype="Legend" vid="B05D6BF0-6B90-25E0-822B-2186479AF686">
<hideElementsInCurrentOnly>false</hideElementsInCurrentOnly>
<bounds x="10" y="10" width="226" height="128"/>
</OView>
<OView class="oracle.dbtools.crest.swingui.logical.TVEntity" oid="1EED642F-68ED-6C9D-3F97-AED0F6309D00" otype="Entity" vid="2A3F742C-06B2-054C-EDAD-696C14481244">
<hideElementsInCurrentOnly>false</hideElementsInCurrentOnly>
<bounds x="735" y="952" width="206" height="138"/>
</OView>
<OView class="oracle.dbtools.crest.swingui.logical.TVEntity" oid="1F08D689-548D-B280-B271-0C7B84203E69" otype="Entity" vid="507C0618-F0F4-481A-CF85-F83552C120CD">
<hideElementsInCurrentOnly>false</hideElementsInCurrentOnly>
<bounds x="90" y="781" width="227" height="109"/>
</OView>
<OView class="oracle.dbtools.crest.swingui.logical.TVEntity" oid="2D38C15B-F7A9-1B12-E854-8C05980EEB19" otype="Entity" vid="267F824F-5B2B-8B52-70E2-77CC84FBED5A">
<hideElementsInCurrentOnly>false</hideElementsInCurrentOnly>
<bounds x="1362" y="342" width="170" height="112"/>
</OView>
<OView class="oracle.dbtools.crest.swingui.logical.TVEntity" oid="34AEE515-752C-56E7-5552-2F8B11B763D7" otype="Entity" vid="865491C1-2D2E-0A77-B3D8-43E15129A57D">
<hideElementsInCurrentOnly>false</hideElementsInCurrentOnly>
<bounds x="75" y="304" width="222" height="121"/>
</OView>
<OView class="oracle.dbtools.crest.swingui.logical.TVEntity" oid="3B7587FD-30F9-2CAF-C162-34C58B3A4F88" otype="Entity" vid="6FCF134A-4C30-5405-62C6-8C818F06FA1D">
<hideElementsInCurrentOnly>false</hideElementsInCurrentOnly>
<bounds x="84" y="513" width="244" height="148"/>
</OView>
<OView class="oracle.dbtools.crest.swingui.logical.TVEntity" oid="54DE94E7-C6F2-F2D9-4181-78FBD265E20B" otype="Entity" vid="D832FA70-B3C7-8EAF-43FE-6581903C3B74">
<hideElementsInCurrentOnly>false</hideElementsInCurrentOnly>
<bounds x="435" y="572" width="192" height="118"/>
</OView>
<OView class="oracle.dbtools.crest.swingui.logical.TVEntity" oid="672B8400-3819-E886-D23A-BFF3CD75B859" otype="Entity" vid="240E3CF1-4876-94C2-9B48-F3338EFB573C">
<hideElementsInCurrentOnly>false</hideElementsInCurrentOnly>
<bounds x="759" y="557" width="177" height="133"/>
</OView>
<OView class="oracle.dbtools.crest.swingui.logical.TVEntity" oid="8CE646C0-B6DE-DDC4-6CF0-DB87D8896997" otype="Entity" vid="5620B503-39EC-6559-3F4E-00F00960E071">
<hideElementsInCurrentOnly>false</hideElementsInCurrentOnly>
<bounds x="446" y="331" width="177" height="124"/>
</OView>
<OView class="oracle.dbtools.crest.swingui.logical.TVEntity" oid="95483D4F-72D7-1706-74B0-3B82097B7E4C" otype="Entity" vid="6B47211A-6E74-EACB-8892-83046197578E">
<hideElementsInCurrentOnly>false</hideElementsInCurrentOnly>
<bounds x="1055" y="344" width="175" height="109"/>
</OView>
<OView class="oracle.dbtools.crest.swingui.logical.TVEntity" oid="9F8B7DA4-20BC-C179-C7CB-48D2AA53CAFC" otype="Entity" vid="32B4527E-61B0-05F6-12CF-2E1831BE0645">
<hideElementsInCurrentOnly>false</hideElementsInCurrentOnly>
<bounds x="1099" y="748" width="175" height="116"/>
</OView>
<OView class="oracle.dbtools.crest.swingui.logical.TVEntity" oid="A94211F8-A69A-3589-787E-B4F52B43BE4D" otype="Entity" vid="900E6286-1B25-0648-FD84-7DC05A008B07">
<hideElementsInCurrentOnly>false</hideElementsInCurrentOnly>
<bounds x="734" y="342" width="170" height="111"/>
</OView>
<OView class="oracle.dbtools.crest.swingui.logical.TVEntity" oid="D0AAE1FB-2A02-F3D0-BE9B-DE1904AF9622" otype="Entity" vid="DE2EDB99-B5A1-0DAF-6E00-1A0E401E186D">
<hideElementsInCurrentOnly>false</hideElementsInCurrentOnly>
<bounds x="448" y="161" width="168" height="94"/>
</OView>
<OView class="oracle.dbtools.crest.swingui.logical.TVEntity" oid="E87DD7FD-627F-ACEC-172E-5A98C077E2FF" otype="Entity" vid="14E66132-46B8-E5DC-EF69-5589C06A872A">
<hideElementsInCurrentOnly>false</hideElementsInCurrentOnly>
<bounds x="1098" y="945" width="193" height="152"/>
</OView>
<OView class="oracle.dbtools.crest.swingui.logical.TVEntity" oid="EF1926B9-147C-54CF-3DDC-499B8CCFF441" otype="Entity" vid="D685AE0C-AE22-37F8-FC44-94852447D255">
<hideElementsInCurrentOnly>false</hideElementsInCurrentOnly>
<bounds x="1088" y="544" width="183" height="148"/>
</OView>
<OView class="oracle.dbtools.crest.swingui.logical.TVEntity" oid="F0294406-6078-956F-9B86-4DD0E4158838" otype="Entity" vid="3EC22ABC-48F7-2295-28AB-CCDD5F0D04D3">
<hideElementsInCurrentOnly>false</hideElementsInCurrentOnly>
<bounds x="427" y="779" width="215" height="111"/>
</OView>
</objectViews>
<connectors>
<Connector class="oracle.dbtools.crest.swingui.logical.TVRelation" oid="0002FA5C-874A-5D42-F250-214A8992945D" otype="Relation" vid_source="2A3F742C-06B2-054C-EDAD-696C14481244" vid_target="14E66132-46B8-E5DC-EF69-5589C06A872A">
<hideElementsInCurrentOnly>false</hideElementsInCurrentOnly>
<backgroundColor>-16777216</backgroundColor>
<lineWidth>1</lineWidth>
<sourceLabel class="oracle.dbtools.crest.model.design.Label">
<site>0</site>
<labelBounds x="951" y="991" width="82" height="30"/>
<noBackgroundColor>true</noBackgroundColor>
<noForegroundColor>true</noForegroundColor>
</sourceLabel>
<points>
<point x="941" y="1021"/>
<point x="1098" y="1021"/>
</points>
</Connector>
<Connector class="oracle.dbtools.crest.swingui.logical.TVRelation" oid="0E873BE5-F4F0-4FE5-7F32-1A2DCCEF1EEC" otype="Relation" vid_source="DE2EDB99-B5A1-0DAF-6E00-1A0E401E186D" vid_target="5620B503-39EC-6559-3F4E-00F00960E071">
<hideElementsInCurrentOnly>false</hideElementsInCurrentOnly>
<backgroundColor>-16777216</backgroundColor>
<lineWidth>1</lineWidth>
<sourceLabel class="oracle.dbtools.crest.model.design.Label">
<site>0</site>
<labelBounds x="532" y="292" width="47" height="31"/>
<noBackgroundColor>true</noBackgroundColor>
<noForegroundColor>true</noForegroundColor>
</sourceLabel>
<points>
<point x="532" y="255"/>
<point x="532" y="331"/>
</points>
</Connector>
<Connector class="oracle.dbtools.crest.swingui.logical.TVRelation" oid="1302BF56-23AC-1A0B-73AD-381CACA1221F" otype="Relation" vid_source="D685AE0C-AE22-37F8-FC44-94852447D255" vid_target="240E3CF1-4876-94C2-9B48-F3338EFB573C">
<hideElementsInCurrentOnly>false</hideElementsInCurrentOnly>
<backgroundColor>-16777216</backgroundColor>
<lineWidth>1</lineWidth>
<sourceLabel class="oracle.dbtools.crest.model.design.Label">
<site>0</site>
<labelBounds x="1026" y="593" width="56" height="30"/>
<noBackgroundColor>true</noBackgroundColor>
<noForegroundColor>true</noForegroundColor>
</sourceLabel>
<points>
<point x="1088" y="623"/>
<point x="936" y="623"/>
</points>
</Connector>
<Connector class="oracle.dbtools.crest.swingui.logical.TVRelation" oid="408901C2-8685-6C77-6C4F-D46DB4D38E3E" otype="Relation" vid_source="D832FA70-B3C7-8EAF-43FE-6581903C3B74" vid_target="5620B503-39EC-6559-3F4E-00F00960E071">
<hideElementsInCurrentOnly>false</hideElementsInCurrentOnly>
<backgroundColor>-16777216</backgroundColor>
<lineWidth>1</lineWidth>
<sourceLabel class="oracle.dbtools.crest.model.design.Label">
<site>0</site>
<labelBounds x="534" y="528" width="51" height="30"/>
<noBackgroundColor>true</noBackgroundColor>
<noForegroundColor>true</noForegroundColor>
</sourceLabel>
<points>
<point x="534" y="572"/>
<point x="534" y="455"/>
</points>
</Connector>
<Connector class="oracle.dbtools.crest.swingui.logical.TVRelation" oid="4D7B8C96-535C-031F-8EAE-A0AC3EF0EE67" otype="Relation" vid_source="32B4527E-61B0-05F6-12CF-2E1831BE0645" vid_target="D685AE0C-AE22-37F8-FC44-94852447D255">
<hideElementsInCurrentOnly>false</hideElementsInCurrentOnly>
<backgroundColor>-16777216</backgroundColor>
<lineWidth>1</lineWidth>
<sourceLabel class="oracle.dbtools.crest.model.design.Label">
<site>0</site>
<labelBounds x="1185" y="712" width="45" height="30"/>
<noBackgroundColor>true</noBackgroundColor>
<noForegroundColor>true</noForegroundColor>
</sourceLabel>
<points>
<point x="1185" y="748"/>
<point x="1185" y="692"/>
</points>
</Connector>
<Connector class="oracle.dbtools.crest.swingui.logical.TVRelation" oid="518A661E-9D81-14B5-0168-81258940D47F" otype="Relation" vid_source="900E6286-1B25-0648-FD84-7DC05A008B07" vid_target="D832FA70-B3C7-8EAF-43FE-6581903C3B74">
<hideElementsInCurrentOnly>false</hideElementsInCurrentOnly>
<backgroundColor>-16777216</backgroundColor>
<lineWidth>1</lineWidth>
<sourceLabel class="oracle.dbtools.crest.model.design.Label">
<site>0</site>
<labelBounds x="828" y="489" width="70" height="30"/>
<noBackgroundColor>true</noBackgroundColor>
<noForegroundColor>true</noForegroundColor>
</sourceLabel>
<points>
<point x="828" y="453"/>
<point x="828" y="502"/>
<point x="571" y="505"/>
<point x="571" y="572"/>
</points>
</Connector>
<Connector class="oracle.dbtools.crest.swingui.logical.TVRelation" oid="6E75BF01-8574-E44D-25D0-795FE735319B" otype="Relation" vid_source="D832FA70-B3C7-8EAF-43FE-6581903C3B74" vid_target="240E3CF1-4876-94C2-9B48-F3338EFB573C">
<hideElementsInCurrentOnly>false</hideElementsInCurrentOnly>
<backgroundColor>-16777216</backgroundColor>
<lineWidth>1</lineWidth>
<sourceLabel class="oracle.dbtools.crest.model.design.Label">
<site>0</site>
<labelBounds x="637" y="601" width="39" height="30"/>
<noBackgroundColor>true</noBackgroundColor>
<noForegroundColor>true</noForegroundColor>
</sourceLabel>
<points>
<point x="627" y="631"/>
<point x="759" y="631"/>
</points>
</Connector>
<Connector class="oracle.dbtools.crest.swingui.logical.TVRelation" oid="73A31F09-6D55-26E6-7BC6-11F88747C0E5" otype="Relation" vid_source="5620B503-39EC-6559-3F4E-00F00960E071" vid_target="865491C1-2D2E-0A77-B3D8-43E15129A57D">
<hideElementsInCurrentOnly>false</hideElementsInCurrentOnly>
<backgroundColor>-16777216</backgroundColor>
<lineWidth>1</lineWidth>
<sourceLabel class="oracle.dbtools.crest.model.design.Label">
<site>0</site>
<labelBounds x="387" y="348" width="53" height="30"/>
<noBackgroundColor>true</noBackgroundColor>
<noForegroundColor>true</noForegroundColor>
</sourceLabel>
<points>
<point x="446" y="378"/>
<point x="297" y="378"/>
</points>
</Connector>
<Connector class="oracle.dbtools.crest.swingui.logical.TVRelation" oid="7C1B32C6-1576-8FFE-702F-D5B8018CC775" otype="Relation" vid_source="900E6286-1B25-0648-FD84-7DC05A008B07" vid_target="5620B503-39EC-6559-3F4E-00F00960E071">
<hideElementsInCurrentOnly>false</hideElementsInCurrentOnly>
<backgroundColor>-16777216</backgroundColor>
<lineWidth>1</lineWidth>
<sourceLabel class="oracle.dbtools.crest.model.design.Label">
<site>0</site>
<labelBounds x="674" y="355" width="54" height="33"/>
<noBackgroundColor>true</noBackgroundColor>
<noForegroundColor>true</noForegroundColor>
</sourceLabel>
<points>
<point x="734" y="355"/>
<point x="623" y="356"/>
</points>
</Connector>
<Connector class="oracle.dbtools.crest.swingui.logical.TVRelation" oid="8E5AA7B3-B290-6D29-A682-B3340FB7E949" otype="Relation" vid_source="900E6286-1B25-0648-FD84-7DC05A008B07" vid_target="6B47211A-6E74-EACB-8892-83046197578E">
<hideElementsInCurrentOnly>false</hideElementsInCurrentOnly>
<backgroundColor>-16777216</backgroundColor>
<lineWidth>1</lineWidth>
<sourceLabel class="oracle.dbtools.crest.model.design.Label">
<site>0</site>
<labelBounds x="914" y="398" width="38" height="30"/>
<noBackgroundColor>true</noBackgroundColor>
<noForegroundColor>true</noForegroundColor>
</sourceLabel>
<points>
<point x="904" y="428"/>
<point x="1055" y="428"/>
</points>
</Connector>
<Connector class="oracle.dbtools.crest.swingui.logical.TVRelation" oid="A51D273D-6DE8-9781-884D-DE39A58C7404" otype="Relation" vid_source="3EC22ABC-48F7-2295-28AB-CCDD5F0D04D3" vid_target="D832FA70-B3C7-8EAF-43FE-6581903C3B74">
<hideElementsInCurrentOnly>false</hideElementsInCurrentOnly>
<backgroundColor>-16777216</backgroundColor>
<lineWidth>1</lineWidth>
<sourceLabel class="oracle.dbtools.crest.model.design.Label">
<site>0</site>
<labelBounds x="531" y="743" width="87" height="30"/>
<noBackgroundColor>true</noBackgroundColor>
<noForegroundColor>true</noForegroundColor>
</sourceLabel>
<points>
<point x="531" y="779"/>
<point x="531" y="690"/>
</points>
</Connector>
<Connector class="oracle.dbtools.crest.swingui.logical.TVRelation" oid="B26EDE27-B6A0-3DD8-5B45-CCCDC0A80E09" otype="Relation" vid_source="507C0618-F0F4-481A-CF85-F83552C120CD" vid_target="6FCF134A-4C30-5405-62C6-8C818F06FA1D">
<hideElementsInCurrentOnly>false</hideElementsInCurrentOnly>
<backgroundColor>-16777216</backgroundColor>
<lineWidth>1</lineWidth>
<sourceLabel class="oracle.dbtools.crest.model.design.Label">
<site>0</site>
<labelBounds x="203" y="745" width="82" height="30"/>
<noBackgroundColor>true</noBackgroundColor>
<noForegroundColor>true</noForegroundColor>
</sourceLabel>
<points>
<point x="203" y="781"/>
<point x="203" y="661"/>
</points>
</Connector>
<Connector class="oracle.dbtools.crest.swingui.logical.TVRelation" oid="CCD6722C-F771-F77D-C47B-5D68E267E7FD" otype="Relation" vid_source="267F824F-5B2B-8B52-70E2-77CC84FBED5A" vid_target="6B47211A-6E74-EACB-8892-83046197578E">
<hideElementsInCurrentOnly>false</hideElementsInCurrentOnly>
<backgroundColor>-16777216</backgroundColor>
<lineWidth>1</lineWidth>
<sourceLabel class="oracle.dbtools.crest.model.design.Label">
<site>0</site>
<labelBounds x="1300" y="368" width="56" height="30"/>
<noBackgroundColor>true</noBackgroundColor>
<noForegroundColor>true</noForegroundColor>
</sourceLabel>
<points>
<point x="1362" y="398"/>
<point x="1230" y="398"/>
</points>
</Connector>
<Connector class="oracle.dbtools.crest.swingui.logical.TVRelation" oid="E6B504BA-CE2D-3399-AA14-1334A676CE20" otype="Relation" vid_source="6FCF134A-4C30-5405-62C6-8C818F06FA1D" vid_target="865491C1-2D2E-0A77-B3D8-43E15129A57D">
<hideElementsInCurrentOnly>false</hideElementsInCurrentOnly>
<backgroundColor>-16777216</backgroundColor>
<lineWidth>1</lineWidth>
<sourceLabel class="oracle.dbtools.crest.model.design.Label">
<site>0</site>
<labelBounds x="190" y="477" width="51" height="30"/>
<noBackgroundColor>true</noBackgroundColor>
<noForegroundColor>true</noForegroundColor>
</sourceLabel>
<points>
<point x="190" y="513"/>
<point x="190" y="425"/>
</points>
</Connector>
<Connector class="oracle.dbtools.crest.swingui.logical.TVRelation" oid="E7FAF280-AD34-F730-1FD8-5D700D410ECC" otype="Relation" vid_source="32B4527E-61B0-05F6-12CF-2E1831BE0645" vid_target="14E66132-46B8-E5DC-EF69-5589C06A872A">
<hideElementsInCurrentOnly>false</hideElementsInCurrentOnly>
<backgroundColor>-16777216</backgroundColor>
<lineWidth>1</lineWidth>
<sourceLabel class="oracle.dbtools.crest.model.design.Label">
<site>0</site>
<labelBounds x="1186" y="908" width="46" height="30"/>
<noBackgroundColor>true</noBackgroundColor>
<noForegroundColor>true</noForegroundColor>
</sourceLabel>
<points>
<point x="1186" y="864"/>
<point x="1186" y="945"/>
</points>
</Connector>
<Connector class="oracle.dbtools.crest.swingui.logical.TVRelation" oid="E92DF72F-D3C4-C811-DB0F-34A2B8B063CB" otype="Relation" vid_source="900E6286-1B25-0648-FD84-7DC05A008B07" vid_target="5620B503-39EC-6559-3F4E-00F00960E071">
<hideElementsInCurrentOnly>false</hideElementsInCurrentOnly>
<backgroundColor>-16777216</backgroundColor>
<lineWidth>1</lineWidth>
<sourceLabel class="oracle.dbtools.crest.model.design.Label">
<site>0</site>
<labelBounds x="670" y="382" width="58" height="30"/>
<noBackgroundColor>true</noBackgroundColor>
<noForegroundColor>true</noForegroundColor>
</sourceLabel>
<points>
<point x="734" y="412"/>
<point x="623" y="412"/>
</points>
</Connector>
</connectors>
</Diagram>