<?xml version = '1.0' encoding = 'UTF-8'?>
<relationalModel class="oracle.dbtools.crest.model.design.relational.RelationalDesign" name="Relational_1" id="D863919B-74DA-621E-EB76-98F1CA1D275D" mainViewID="485DDFBF-395B-E0CA-02ED-2AB95DEB92E8">
<createdBy>lisongyuan</createdBy>
<createdTime>2019-04-28 05:28:39 UTC</createdTime>
<ownerDesignName>mh_logical</ownerDesignName>
<shouldBeOpen>true</shouldBeOpen>
<selectedRDBMSSite>32076570-2523-435C-2E92-BF29817DFF70</selectedRDBMSSite>
</relationalModel>