<?xml version = '1.0' encoding = 'UTF-8'?>
<Table class="oracle.dbtools.crest.model.design.relational.Table" directorySegmentName="seg_0" id="028AEA7F-E355-B780-6735-B91C630183BE" name="Doctor&apos;s_Specialisation">
<createdBy>lisongyuan</createdBy>
<createdTime>2019-04-28 10:42:49 UTC</createdTime>
<generatorID>D17164AC-5683-6763-C58D-56BC3A9FA3C7</generatorID>
<ownerDesignName>mh_logical</ownerDesignName>
<allowColumnReorder>false</allowColumnReorder>
<existDependencyGenerateInDDl>true</existDependencyGenerateInDDl>
<parsed>true</parsed>
<columns itemClass="oracle.dbtools.crest.model.design.relational.Column">
<Column name="doc_id" id="353F5730-627D-9BFE-BCAE-C31890D74A7D">
<createdBy>lisongyuan</createdBy>
<createdTime>2019-04-28 10:42:49 UTC</createdTime>
<commentInRDBMS>doctor&apos;s ID</commentInRDBMS>
<generatorID>B2DFA13B-9FD7-4362-27BE-74E9B0C3242C</generatorID>
<ownerDesignName>mh_logical</ownerDesignName>
<useDomainConstraints>false</useDomainConstraints>
<use>1</use>
<logicalDatatype>LOGDT019</logicalDatatype>
<dataTypePrecision>4</dataTypePrecision>
<ownDataTypeParameters>,4,</ownDataTypeParameters>
<previousColumn>false</previousColumn>
<autoIncrementCycle>false</autoIncrementCycle>
<associations>
<colAssociation fkAssociation="C29F4229-EB17-6C24-8F36-89BB4D8EB95D" referredColumn="27636C5E-21CE-37AA-C256-00764B2BF891"/>
</associations>
</Column>
<Column name="spe_name" id="2AECAD34-3C83-2B4F-4760-0D0BF506B9F0">
<createdBy>lisongyuan</createdBy>
<createdTime>2019-04-28 10:42:49 UTC</createdTime>
<commentInRDBMS>name of specialisation</commentInRDBMS>
<generatorID>8DD72A6E-33F8-58BA-E027-F983434B0ED3</generatorID>
<ownerDesignName>mh_logical</ownerDesignName>
<useDomainConstraints>false</useDomainConstraints>
<use>1</use>
<logicalDatatype>LOGDT024</logicalDatatype>
<dataTypeSize>50 CHAR</dataTypeSize>
<ownDataTypeParameters>50 CHAR,,</ownDataTypeParameters>
<previousColumn>false</previousColumn>
<autoIncrementCycle>false</autoIncrementCycle>
<associations>
<colAssociation fkAssociation="4F875242-7328-FFE7-F38B-A8009EE3597C" referredColumn="440451A7-E3C8-1DBF-6B0A-24E77E9A8AF1"/>
</associations>
</Column>
</columns>
<indexes itemClass="oracle.dbtools.crest.model.design.relational.Index">
<ind_PK_UK id="804C8BB8-5DD8-8B87-B5F5-E1315944223A" name="Doctor&apos;s_Specialisation_PK">
<createdBy>lisongyuan</createdBy>
<createdTime>2019-04-28 10:42:49 UTC</createdTime>
<generatorID>63DA6892-E92F-9943-1497-B39BE9FEAAE4</generatorID>
<ownerDesignName>mh_logical</ownerDesignName>
<pk>true</pk>
<indexState>Primary Constraint</indexState>
<isSurrogateKey>false</isSurrogateKey>
<indexColumnUsage>
<colUsage columnID="353F5730-627D-9BFE-BCAE-C31890D74A7D"/>
<colUsage columnID="2AECAD34-3C83-2B4F-4760-0D0BF506B9F0"/>
</indexColumnUsage>
</ind_PK_UK>
<ind_PK_UK id="2A78E59B-13E2-E335-445D-047B03FCBF85" name="doctor_doc_spec">
<createdBy>lisongyuan</createdBy>
<createdTime>2019-04-28 10:42:49 UTC</createdTime>
<generatorID>E677F9AC-F983-7018-B5E1-C5FB414A4300</generatorID>
<ownerDesignName>mh_logical</ownerDesignName>
<indexState>Foreign Key</indexState>
<isSurrogateKey>false</isSurrogateKey>
<indexColumnUsage>
<colUsage columnID="353F5730-627D-9BFE-BCAE-C31890D74A7D"/>
</indexColumnUsage>
</ind_PK_UK>
<ind_PK_UK id="0D2126FB-A86D-91FD-1C09-D96D91497B9B" name="Spec_doctor_spec">
<createdBy>lisongyuan</createdBy>
<createdTime>2019-04-28 10:42:49 UTC</createdTime>
<generatorID>B445D3EE-98B2-CFF6-54CC-AF128EF898D3</generatorID>
<ownerDesignName>mh_logical</ownerDesignName>
<indexState>Foreign Key</indexState>
<isSurrogateKey>false</isSurrogateKey>
<indexColumnUsage>
<colUsage columnID="2AECAD34-3C83-2B4F-4760-0D0BF506B9F0"/>
</indexColumnUsage>
</ind_PK_UK>
</indexes>
</Table>