<?xml version = '1.0' encoding = 'UTF-8'?>
<Table class="oracle.dbtools.crest.model.design.relational.Table" directorySegmentName="seg_0" id="04B39566-20B8-FEBC-D50B-0F2FB4CC5466" name="Bed_assignments">
<createdBy>lisongyuan</createdBy>
<createdTime>2019-04-28 10:42:49 UTC</createdTime>
<generatorID>85F064DC-4B80-3B61-4E02-0AC16A8A1A09</generatorID>
<ownerDesignName>mh_logical</ownerDesignName>
<allowColumnReorder>false</allowColumnReorder>
<existDependencyGenerateInDDl>true</existDependencyGenerateInDDl>
<parsed>true</parsed>
<columns itemClass="oracle.dbtools.crest.model.design.relational.Column">
<Column name="ass_date/time" id="F2367E64-4008-1299-FF96-0191B33D77BB">
<createdBy>lisongyuan</createdBy>
<createdTime>2019-04-28 10:42:49 UTC</createdTime>
<commentInRDBMS>ass_date/time:the date and time of assignments</commentInRDBMS>
<generatorID>98473B40-9D77-925A-2B28-3A2437B4E919</generatorID>
<ownerDesignName>mh_logical</ownerDesignName>
<useDomainConstraints>false</useDomainConstraints>
<use>1</use>
<logicalDatatype>LOGDT007</logicalDatatype>
<ownDataTypeParameters>,,</ownDataTypeParameters>
<autoIncrementCycle>false</autoIncrementCycle>
</Column>
<Column name="ward_code" id="4A11000F-F050-42B1-6AE6-98CF0C1E5449">
<createdBy>lisongyuan</createdBy>
<createdTime>2019-04-28 10:42:49 UTC</createdTime>
<commentInRDBMS>code of ward</commentInRDBMS>
<generatorID>B458031B-5E28-E925-0CC1-7937F872E81A</generatorID>
<ownerDesignName>mh_logical</ownerDesignName>
<useDomainConstraints>false</useDomainConstraints>
<use>1</use>
<logicalDatatype>LOGDT019</logicalDatatype>
<dataTypePrecision>4</dataTypePrecision>
<ownDataTypeParameters>,,</ownDataTypeParameters>
<previousColumn>false</previousColumn>
<autoIncrementCycle>false</autoIncrementCycle>
<associations>
<colAssociation fkAssociation="63DA5CFB-7054-2341-2F51-502AAEB10172" referredColumn="15B1D34E-D02A-7A0F-7261-5940D81E5372"/>
</associations>
</Column>
<Column name="ad_id" id="6F8CF7FD-8469-9996-38C8-EF49FD7A9A50">
<createdBy>lisongyuan</createdBy>
<createdTime>2019-04-28 10:42:49 UTC</createdTime>
<commentInRDBMS>creat a surrpgate key</commentInRDBMS>
<generatorID>00A5D177-1EAE-08F3-B17F-4273AE0F740A</generatorID>
<ownerDesignName>mh_logical</ownerDesignName>
<useDomainConstraints>false</useDomainConstraints>
<use>1</use>
<logicalDatatype>LOGDT019</logicalDatatype>
<dataTypePrecision>15</dataTypePrecision>
<ownDataTypeParameters>,,</ownDataTypeParameters>
<previousColumn>false</previousColumn>
<autoIncrementColumn>true</autoIncrementColumn>
<autoIncrementCycle>false</autoIncrementCycle>
<autoIncrementGenerateTrigger>false</autoIncrementGenerateTrigger>
<associations>
<colAssociation fkAssociation="6EB98E18-018C-ED5B-8824-4FC9CBE47DA0" referredColumn="45BC8036-42F3-0111-B805-26F5D9042DA8"/>
</associations>
</Column>
<Column name="bed_no" id="D7F11AE5-192F-FF9B-C24B-FE380E650867">
<createdBy>lisongyuan</createdBy>
<createdTime>2019-04-29 08:48:00 UTC</createdTime>
<commentInRDBMS>bed_no:number of bed</commentInRDBMS>
<generatorID>301EE7B9-FBCB-4E67-2E5D-F8457028606F</generatorID>
<ownerDesignName>mh_logical</ownerDesignName>
<useDomainConstraints>false</useDomainConstraints>
<use>1</use>
<logicalDatatype>LOGDT025</logicalDatatype>
<dataTypeSize>10 CHAR</dataTypeSize>
<ownDataTypeParameters>,,</ownDataTypeParameters>
<previousColumn>false</previousColumn>
<autoIncrementCycle>false</autoIncrementCycle>
<associations>
<colAssociation fkAssociation="63DA5CFB-7054-2341-2F51-502AAEB10172" referredColumn="4C94A255-BB82-923D-8767-B191F90AC42A"/>
</associations>
</Column>
</columns>
<indexes itemClass="oracle.dbtools.crest.model.design.relational.Index">
<ind_PK_UK id="BA5AAB91-7BB3-7832-7BA1-B41151C639A8" name="Bed_assignments_PK">
<createdBy>lisongyuan</createdBy>
<createdTime>2019-04-28 10:42:49 UTC</createdTime>
<generatorID>7DC7D30D-E168-DFA5-28E5-A011F0CFEE38</generatorID>
<ownerDesignName>mh_logical</ownerDesignName>
<pk>true</pk>
<indexState>Primary Constraint</indexState>
<isSurrogateKey>false</isSurrogateKey>
<indexColumnUsage>
<colUsage columnID="6F8CF7FD-8469-9996-38C8-EF49FD7A9A50"/>
<colUsage columnID="F2367E64-4008-1299-FF96-0191B33D77BB"/>
</indexColumnUsage>
</ind_PK_UK>
<ind_PK_UK id="0D6CCD31-AB06-339A-FAFF-02D228C4FF1F" name="admissions_bed_assignments">
<createdBy>lisongyuan</createdBy>
<createdTime>2019-04-28 10:42:49 UTC</createdTime>
<generatorID>FDDAD19E-372D-34F3-8FE6-F3AF80CA33EA</generatorID>
<ownerDesignName>mh_logical</ownerDesignName>
<indexState>Foreign Key</indexState>
<isSurrogateKey>false</isSurrogateKey>
<indexColumnUsage>
<colUsage columnID="6F8CF7FD-8469-9996-38C8-EF49FD7A9A50"/>
</indexColumnUsage>
</ind_PK_UK>
<ind_PK_UK id="CFF0342C-2C70-3750-C3AA-ACCDF4F6F2BE" name="bed__bed_assignments">
<createdBy>lisongyuan</createdBy>
<createdTime>2019-04-28 10:42:49 UTC</createdTime>
<generatorID>4A3A3131-0E2B-FC18-FB51-B57944577BBF</generatorID>
<ownerDesignName>mh_logical</ownerDesignName>
<indexState>Foreign Key</indexState>
<isSurrogateKey>false</isSurrogateKey>
<indexColumnUsage>
<colUsage columnID="4A11000F-F050-42B1-6AE6-98CF0C1E5449"/>
<colUsage columnID="D7F11AE5-192F-FF9B-C24B-FE380E650867"/>
</indexColumnUsage>
</ind_PK_UK>
</indexes>
</Table>