<?xml version = '1.0' encoding = 'UTF-8'?>
<Table class="oracle.dbtools.crest.model.design.relational.Table" directorySegmentName="seg_0" id="52D72A50-F1D7-8392-74EE-13C6A54C6583" name="Items">
<createdBy>lisongyuan</createdBy>
<createdTime>2019-04-28 10:42:49 UTC</createdTime>
<generatorID>D5848B95-8B32-AB9E-52CC-F8F86AD0A158</generatorID>
<ownerDesignName>mh_logical</ownerDesignName>
<allowColumnReorder>false</allowColumnReorder>
<existDependencyGenerateInDDl>true</existDependencyGenerateInDDl>
<parsed>true</parsed>
<columns itemClass="oracle.dbtools.crest.model.design.relational.Column">
<Column name="item_code" id="B9DE0354-A060-0D9C-901E-9CD65F249914">
<createdBy>lisongyuan</createdBy>
<createdTime>2019-04-28 10:42:49 UTC</createdTime>
<commentInRDBMS>code of item</commentInRDBMS>
<generatorID>32B21498-D4DC-3863-6877-9B24847B68E0</generatorID>
<ownerDesignName>mh_logical</ownerDesignName>
<useDomainConstraints>false</useDomainConstraints>
<use>1</use>
<logicalDatatype>LOGDT024</logicalDatatype>
<dataTypeSize>5 CHAR</dataTypeSize>
<ownDataTypeParameters>5 CHAR,,</ownDataTypeParameters>
<autoIncrementCycle>false</autoIncrementCycle>
</Column>
<Column name="item_descr" id="D9B2B5DC-0CAE-2C6D-07F8-5FA2FA981880">
<createdBy>lisongyuan</createdBy>
<createdTime>2019-04-28 10:42:49 UTC</createdTime>
<commentInRDBMS>item description</commentInRDBMS>
<generatorID>ADAB1868-FF31-3D8F-003E-79E6E194D9BA</generatorID>
<ownerDesignName>mh_logical</ownerDesignName>
<useDomainConstraints>false</useDomainConstraints>
<use>1</use>
<logicalDatatype>LOGDT024</logicalDatatype>
<dataTypeSize>50 CHAR</dataTypeSize>
<ownDataTypeParameters>50 CHAR,,</ownDataTypeParameters>
<autoIncrementCycle>false</autoIncrementCycle>
</Column>
<Column name="item_currstock" id="D272B2CA-B2D0-8CD7-8546-D7C1B1A2DA28">
<createdBy>lisongyuan</createdBy>
<createdTime>2019-04-28 10:42:49 UTC</createdTime>
<commentInRDBMS>the current stock of item</commentInRDBMS>
<generatorID>AA28B270-00F3-669A-83F8-8A3616E20B34</generatorID>
<ownerDesignName>mh_logical</ownerDesignName>
<useDomainConstraints>false</useDomainConstraints>
<use>1</use>
<logicalDatatype>LOGDT019</logicalDatatype>
<dataTypePrecision>10</dataTypePrecision>
<ownDataTypeParameters>,10,</ownDataTypeParameters>
<autoIncrementCycle>false</autoIncrementCycle>
</Column>
<Column name="item_price" id="04FAE7AE-6080-FBAD-40D5-2D8ED94D2C78">
<createdBy>lisongyuan</createdBy>
<createdTime>2019-04-28 10:42:49 UTC</createdTime>
<commentInRDBMS>item price</commentInRDBMS>
<generatorID>D907C69C-BC51-6B55-9894-55F0AEE6A708</generatorID>
<ownerDesignName>mh_logical</ownerDesignName>
<constraintName>chk_item price</constraintName>
<useDomainConstraints>false</useDomainConstraints>
<use>1</use>
<logicalDatatype>LOGDT019</logicalDatatype>
<dataTypePrecision>10</dataTypePrecision>
<dataTypeScale>2</dataTypeScale>
<checkConstraint>
<implementationDef dbType="Oracle Database 11g" definition="item_price&gt;=0"/>
</checkConstraint>
<ownDataTypeParameters>,10,2</ownDataTypeParameters>
<autoIncrementCycle>false</autoIncrementCycle>
</Column>
<Column name="centre_code" id="A1290C09-6B60-54C8-3944-25CFBB9DC62A">
<createdBy>lisongyuan</createdBy>
<createdTime>2019-04-28 10:42:49 UTC</createdTime>
<commentInRDBMS>centre code</commentInRDBMS>
<generatorID>43715D70-ECE2-466D-BB3D-B4C70AF17919</generatorID>
<ownerDesignName>mh_logical</ownerDesignName>
<useDomainConstraints>false</useDomainConstraints>
<use>1</use>
<logicalDatatype>LOGDT019</logicalDatatype>
<dataTypePrecision>10</dataTypePrecision>
<ownDataTypeParameters>,10,</ownDataTypeParameters>
<previousColumn>false</previousColumn>
<autoIncrementCycle>false</autoIncrementCycle>
<associations>
<colAssociation fkAssociation="1880B5BE-1F3C-BB8D-EE0E-473F5826D562" referredColumn="823B6559-E6B5-12A5-0922-F45B743097C1"/>
</associations>
</Column>
</columns>
<indexes itemClass="oracle.dbtools.crest.model.design.relational.Index">
<ind_PK_UK id="BF89E3D1-7D4B-DE0D-416C-9825E9AADD3C" name="Items_PK">
<createdBy>lisongyuan</createdBy>
<createdTime>2019-04-28 10:42:49 UTC</createdTime>
<generatorID>76E0D352-D73E-AA65-8894-B09D55E26DA1</generatorID>
<ownerDesignName>mh_logical</ownerDesignName>
<pk>true</pk>
<indexState>Primary Constraint</indexState>
<isSurrogateKey>false</isSurrogateKey>
<indexColumnUsage>
<colUsage columnID="B9DE0354-A060-0D9C-901E-9CD65F249914"/>
</indexColumnUsage>
</ind_PK_UK>
<ind_PK_UK id="7725056B-BE6B-CC63-2C58-FFFD10D84B71" name="cost_centre_items">
<createdBy>lisongyuan</createdBy>
<createdTime>2019-04-28 10:42:49 UTC</createdTime>
<generatorID>9747A00A-C316-2829-33C5-A6B1B45D604C</generatorID>
<ownerDesignName>mh_logical</ownerDesignName>
<indexState>Foreign Key</indexState>
<isSurrogateKey>false</isSurrogateKey>
<indexColumnUsage>
<colUsage columnID="A1290C09-6B60-54C8-3944-25CFBB9DC62A"/>
</indexColumnUsage>
</ind_PK_UK>
</indexes>
</Table>