<?xml version = '1.0' encoding = 'UTF-8'?>
<Table class="oracle.dbtools.crest.model.design.relational.Table" directorySegmentName="seg_0" id="808C7FCB-48B2-E48B-E45A-EF804A8C9F40" name="Items_required">
<createdBy>lisongyuan</createdBy>
<createdTime>2019-04-28 10:42:49 UTC</createdTime>
<generatorID>90D8300C-06B4-CF4D-75D4-4C49BD0A1967</generatorID>
<ownerDesignName>mh_logical</ownerDesignName>
<allowColumnReorder>false</allowColumnReorder>
<existDependencyGenerateInDDl>true</existDependencyGenerateInDDl>
<parsed>true</parsed>
<columns itemClass="oracle.dbtools.crest.model.design.relational.Column">
<Column name="quantity" id="032788E7-9FA0-2F4C-CF88-7C321E075EB4">
<createdBy>lisongyuan</createdBy>
<createdTime>2019-04-28 10:42:49 UTC</createdTime>
<commentInRDBMS>quantities of the item</commentInRDBMS>
<generatorID>97E1325E-BAC8-A502-1D91-41AF92164A59</generatorID>
<ownerDesignName>mh_logical</ownerDesignName>
<constraintName>chk_quantity</constraintName>
<useDomainConstraints>false</useDomainConstraints>
<use>1</use>
<logicalDatatype>LOGDT019</logicalDatatype>
<dataTypePrecision>5</dataTypePrecision>
<checkConstraint>
<implementationDef dbType="Oracle Database 11g" definition="quantity &gt; 0"/>
</checkConstraint>
<ownDataTypeParameters>,5,</ownDataTypeParameters>
<autoIncrementColumn>true</autoIncrementColumn>
<autoIncrementCycle>false</autoIncrementCycle>
<autoIncrementGenerateTrigger>false</autoIncrementGenerateTrigger>
</Column>
<Column name="total_item_charge" id="86F9B467-8A95-E630-A96A-DF490BB5AB9B">
<createdBy>lisongyuan</createdBy>
<createdTime>2019-04-28 10:42:49 UTC</createdTime>
<commentInRDBMS>charge of total items</commentInRDBMS>
<generatorID>27BDE4A2-6961-12C3-9E2F-29C090905C34</generatorID>
<ownerDesignName>mh_logical</ownerDesignName>
<constraintName>chk_itemscharge</constraintName>
<useDomainConstraints>false</useDomainConstraints>
<use>1</use>
<logicalDatatype>LOGDT019</logicalDatatype>
<dataTypePrecision>10</dataTypePrecision>
<dataTypeScale>2</dataTypeScale>
<checkConstraint>
<implementationDef dbType="Oracle Database 11g" definition="total_item_charge&gt;0"/>
</checkConstraint>
<ownDataTypeParameters>,10,2</ownDataTypeParameters>
<autoIncrementColumn>true</autoIncrementColumn>
<autoIncrementCycle>false</autoIncrementCycle>
<autoIncrementGenerateTrigger>false</autoIncrementGenerateTrigger>
</Column>
<Column name="item_code" id="8EFBBCC0-3762-AEE5-B309-1151BAF1596C">
<createdBy>lisongyuan</createdBy>
<createdTime>2019-04-28 10:42:49 UTC</createdTime>
<commentInRDBMS>code of item</commentInRDBMS>
<generatorID>E1A74161-237C-68BE-3F5F-369AD280E19E</generatorID>
<ownerDesignName>mh_logical</ownerDesignName>
<useDomainConstraints>false</useDomainConstraints>
<use>1</use>
<logicalDatatype>LOGDT024</logicalDatatype>
<dataTypeSize>5 CHAR</dataTypeSize>
<ownDataTypeParameters>,,</ownDataTypeParameters>
<previousColumn>false</previousColumn>
<autoIncrementCycle>false</autoIncrementCycle>
<associations>
<colAssociation fkAssociation="103D8613-9746-FD8B-2B8C-D2BDF2E78648" referredColumn="B9DE0354-A060-0D9C-901E-9CD65F249914"/>
</associations>
</Column>
<Column name="pro_date/time" id="D6A738C9-78DB-3C09-3393-29D95807A9E7">
<createdBy>lisongyuan</createdBy>
<createdTime>2019-04-28 10:42:49 UTC</createdTime>
<commentInRDBMS>the date and time of procedures</commentInRDBMS>
<generatorID>C9F029AE-4AB6-2D92-319C-57E863724361</generatorID>
<ownerDesignName>mh_logical</ownerDesignName>
<useDomainConstraints>false</useDomainConstraints>
<use>1</use>
<logicalDatatype>LOGDT007</logicalDatatype>
<ownDataTypeParameters>,,</ownDataTypeParameters>
<previousColumn>false</previousColumn>
<autoIncrementCycle>false</autoIncrementCycle>
<associations>
<colAssociation fkAssociation="DDC0E7FC-73EE-ADAE-79C5-52E532B7302B" referredColumn="A8B9BE17-9FE2-9E9D-AEFD-9EC9113AD4DF"/>
</associations>
</Column>
<Column name="ad_id" id="9EC56C00-EBF7-B7E9-F88C-204B87C8CAC0">
<createdBy>lisongyuan</createdBy>
<createdTime>2019-04-28 10:42:49 UTC</createdTime>
<commentInRDBMS>creat a surrpgate key</commentInRDBMS>
<generatorID>B6D2DD01-A219-5BCA-0A82-4925CD7E12EA</generatorID>
<ownerDesignName>mh_logical</ownerDesignName>
<useDomainConstraints>false</useDomainConstraints>
<use>1</use>
<logicalDatatype>LOGDT019</logicalDatatype>
<dataTypePrecision>15</dataTypePrecision>
<ownDataTypeParameters>,15,</ownDataTypeParameters>
<previousColumn>false</previousColumn>
<autoIncrementColumn>true</autoIncrementColumn>
<autoIncrementCycle>false</autoIncrementCycle>
<autoIncrementGenerateTrigger>false</autoIncrementGenerateTrigger>
<associations>
<colAssociation fkAssociation="DDC0E7FC-73EE-ADAE-79C5-52E532B7302B" referredColumn="98907292-4456-6564-9956-B7F75E777178"/>
</associations>
</Column>
</columns>
<indexes itemClass="oracle.dbtools.crest.model.design.relational.Index">
<ind_PK_UK id="C9FF03DD-CEBA-6E01-03F3-EBB855A46478" name="Items_required_PK">
<createdBy>lisongyuan</createdBy>
<createdTime>2019-04-28 10:42:49 UTC</createdTime>
<generatorID>7EEEC6A4-2D81-96B5-A28B-2B91953589CA</generatorID>
<ownerDesignName>mh_logical</ownerDesignName>
<pk>true</pk>
<indexState>Primary Constraint</indexState>
<isSurrogateKey>false</isSurrogateKey>
<indexColumnUsage>
<colUsage columnID="8EFBBCC0-3762-AEE5-B309-1151BAF1596C"/>
<colUsage columnID="032788E7-9FA0-2F4C-CF88-7C321E075EB4"/>
</indexColumnUsage>
</ind_PK_UK>
<ind_PK_UK id="FC4F7A1D-A127-2CA7-0F0A-DA6F719B280D" name="items_item_required">
<createdBy>lisongyuan</createdBy>
<createdTime>2019-04-28 10:42:49 UTC</createdTime>
<generatorID>EE90876E-CC43-1E2F-83D7-648002A00161</generatorID>
<ownerDesignName>mh_logical</ownerDesignName>
<indexState>Foreign Key</indexState>
<isSurrogateKey>false</isSurrogateKey>
<indexColumnUsage>
<colUsage columnID="8EFBBCC0-3762-AEE5-B309-1151BAF1596C"/>
</indexColumnUsage>
</ind_PK_UK>
<ind_PK_UK id="4808CFB7-D552-1B7B-FA2D-31122C240872" name="Relation_7">
<createdBy>lisongyuan</createdBy>
<createdTime>2019-04-28 10:42:49 UTC</createdTime>
<generatorID>0FA6FE09-4FE7-A64F-7B47-65928195EF1E</generatorID>
<ownerDesignName>mh_logical</ownerDesignName>
<indexState>Foreign Key</indexState>
<isSurrogateKey>false</isSurrogateKey>
<indexColumnUsage>
<colUsage columnID="D6A738C9-78DB-3C09-3393-29D95807A9E7"/>
<colUsage columnID="9EC56C00-EBF7-B7E9-F88C-204B87C8CAC0"/>
</indexColumnUsage>
</ind_PK_UK>
</indexes>
</Table>