<?xml version = '1.0' encoding = 'UTF-8'?>
<Table class="oracle.dbtools.crest.model.design.relational.Table" directorySegmentName="seg_0" id="92546FD2-352C-5234-C874-4C3C2B9AC4C2" name="Bed">
<createdBy>lisongyuan</createdBy>
<createdTime>2019-04-28 10:42:49 UTC</createdTime>
<generatorID>B5768D64-7117-C6D8-4757-0F49D4A7E70A</generatorID>
<ownerDesignName>mh_logical</ownerDesignName>
<allowColumnReorder>false</allowColumnReorder>
<existDependencyGenerateInDDl>true</existDependencyGenerateInDDl>
<parsed>true</parsed>
<columns itemClass="oracle.dbtools.crest.model.design.relational.Column">
<Column name="bed_no" id="4C94A255-BB82-923D-8767-B191F90AC42A">
<createdBy>lisongyuan</createdBy>
<createdTime>2019-04-28 10:42:49 UTC</createdTime>
<commentInRDBMS>bed_no:number of bed</commentInRDBMS>
<generatorID>6B33694B-4380-E9F8-33FD-F6880FB3CAD6</generatorID>
<ownerDesignName>mh_logical</ownerDesignName>
<useDomainConstraints>false</useDomainConstraints>
<use>1</use>
<logicalDatatype>LOGDT025</logicalDatatype>
<dataTypeSize>10 CHAR</dataTypeSize>
<ownDataTypeParameters>10 CHAR,,</ownDataTypeParameters>
<autoIncrementColumn>true</autoIncrementColumn>
<autoIncrementCycle>false</autoIncrementCycle>
<autoIncrementGenerateTrigger>false</autoIncrementGenerateTrigger>
</Column>
<Column name="bed_phone" id="FA9A5999-6412-D262-8E26-9AA4344B82A7">
<createdBy>lisongyuan</createdBy>
<createdTime>2019-04-28 10:42:49 UTC</createdTime>
<commentInRDBMS>bed_no:bedside telephone number</commentInRDBMS>
<generatorID>F4E48CFC-53C4-F3F1-85E4-262E15573AF6</generatorID>
<ownerDesignName>mh_logical</ownerDesignName>
<nullsAllowed>true</nullsAllowed>
<useDomainConstraints>false</useDomainConstraints>
<use>1</use>
<logicalDatatype>LOGDT019</logicalDatatype>
<dataTypePrecision>15</dataTypePrecision>
<ownDataTypeParameters>,15,</ownDataTypeParameters>
<autoIncrementCycle>false</autoIncrementCycle>
</Column>
<Column name="bed_type" id="941AF5F7-31CC-05B8-B16E-9D6B9744C114">
<createdBy>lisongyuan</createdBy>
<createdTime>2019-04-28 10:42:49 UTC</createdTime>
<commentInRDBMS>bed type</commentInRDBMS>
<generatorID>4B607368-1E1F-2049-357F-42594985FB06</generatorID>
<ownerDesignName>mh_logical</ownerDesignName>
<constraintName>choose_type</constraintName>
<useDomainConstraints>false</useDomainConstraints>
<use>1</use>
<logicalDatatype>LOGDT024</logicalDatatype>
<dataTypeSize>50 CHAR</dataTypeSize>
<listOfValues>
<valueDef value="adjustable" description=""/>
<valueDef value="fixed" description=""/>
</listOfValues>
<ownDataTypeParameters>50 CHAR,,</ownDataTypeParameters>
<autoIncrementCycle>false</autoIncrementCycle>
</Column>
<Column name="ward_code" id="15B1D34E-D02A-7A0F-7261-5940D81E5372">
<createdBy>lisongyuan</createdBy>
<createdTime>2019-04-28 10:42:49 UTC</createdTime>
<commentInRDBMS>code of ward</commentInRDBMS>
<generatorID>14D1568E-1CC7-3E14-AE33-7CAB25609385</generatorID>
<ownerDesignName>mh_logical</ownerDesignName>
<useDomainConstraints>false</useDomainConstraints>
<use>1</use>
<logicalDatatype>LOGDT019</logicalDatatype>
<dataTypePrecision>4</dataTypePrecision>
<ownDataTypeParameters>,,</ownDataTypeParameters>
<previousColumn>false</previousColumn>
<autoIncrementColumn>true</autoIncrementColumn>
<autoIncrementCycle>false</autoIncrementCycle>
<autoIncrementGenerateTrigger>false</autoIncrementGenerateTrigger>
<associations>
<colAssociation fkAssociation="CDDEF4B9-5F2A-9630-4860-B6FE8F759503" referredColumn="9F1400BA-6280-3BC0-8375-5436EE8B1835"/>
</associations>
</Column>
</columns>
<indexes itemClass="oracle.dbtools.crest.model.design.relational.Index">
<ind_PK_UK id="60717687-3B08-E619-EAC5-51CF514E735B" name="Bed_PK">
<createdBy>lisongyuan</createdBy>
<createdTime>2019-04-28 10:42:49 UTC</createdTime>
<generatorID>5EB605D1-6DCD-A6DB-2EF0-DFD1492AAD57</generatorID>
<ownerDesignName>mh_logical</ownerDesignName>
<pk>true</pk>
<indexState>Primary Constraint</indexState>
<isSurrogateKey>false</isSurrogateKey>
<indexColumnUsage>
<colUsage columnID="15B1D34E-D02A-7A0F-7261-5940D81E5372"/>
<colUsage columnID="4C94A255-BB82-923D-8767-B191F90AC42A"/>
</indexColumnUsage>
</ind_PK_UK>
<ind_PK_UK id="304E9C0A-7611-FC8A-0485-9745F78A1059" name="ward_bed">
<createdBy>lisongyuan</createdBy>
<createdTime>2019-04-28 10:42:49 UTC</createdTime>
<generatorID>35B3FE11-8DC4-2B4C-8BED-DCDF0F1E2DDD</generatorID>
<ownerDesignName>mh_logical</ownerDesignName>
<indexState>Foreign Key</indexState>
<isSurrogateKey>false</isSurrogateKey>
<indexColumnUsage>
<colUsage columnID="15B1D34E-D02A-7A0F-7261-5940D81E5372"/>
</indexColumnUsage>
</ind_PK_UK>
</indexes>
</Table>