<?xml version = '1.0' encoding = 'UTF-8'?>
<Table class="oracle.dbtools.crest.model.design.relational.Table" directorySegmentName="seg_0" id="B7809D00-33D0-7E9A-BF7B-C16D506C501E" name="Allocation">
<createdBy>lisongyuan</createdBy>
<createdTime>2019-04-28 10:42:49 UTC</createdTime>
<generatorID>0B1C7160-C9A6-4FBD-034D-E9285D883460</generatorID>
<ownerDesignName>mh_logical</ownerDesignName>
<allowColumnReorder>false</allowColumnReorder>
<existDependencyGenerateInDDl>true</existDependencyGenerateInDDl>
<parsed>true</parsed>
<columns itemClass="oracle.dbtools.crest.model.design.relational.Column">
<Column name="date_assigned" id="96A0E2CE-4B00-4BD2-A135-02A859654CAC">
<createdBy>lisongyuan</createdBy>
<createdTime>2019-04-28 10:42:49 UTC</createdTime>
<commentInRDBMS>the initial date that a nurse is assigned to word in a ward</commentInRDBMS>
<generatorID>7C4A2810-8F0C-B39F-A531-56AD2410A735</generatorID>
<ownerDesignName>mh_logical</ownerDesignName>
<useDomainConstraints>false</useDomainConstraints>
<use>1</use>
<logicalDatatype>LOGDT007</logicalDatatype>
<ownDataTypeParameters>,,</ownDataTypeParameters>
<autoIncrementCycle>false</autoIncrementCycle>
</Column>
<Column name="date_completed" id="09B2B1E1-EC6B-E15B-CC77-64A347CB7754">
<createdBy>lisongyuan</createdBy>
<createdTime>2019-04-28 10:42:49 UTC</createdTime>
<commentInRDBMS>when they finish an allocation</commentInRDBMS>
<generatorID>55669EC4-352D-B780-B861-808E19C3BE2C</generatorID>
<ownerDesignName>mh_logical</ownerDesignName>
<useDomainConstraints>false</useDomainConstraints>
<use>1</use>
<logicalDatatype>LOGDT007</logicalDatatype>
<ownDataTypeParameters>,,</ownDataTypeParameters>
<autoIncrementCycle>false</autoIncrementCycle>
</Column>
<Column name="ward_code" id="07FB16DA-162A-72F2-82C7-D06264A04086">
<createdBy>lisongyuan</createdBy>
<createdTime>2019-04-28 10:42:49 UTC</createdTime>
<commentInRDBMS>code of ward</commentInRDBMS>
<generatorID>1798D8A8-2865-062D-6407-DB56E297B780</generatorID>
<ownerDesignName>mh_logical</ownerDesignName>
<useDomainConstraints>false</useDomainConstraints>
<use>1</use>
<logicalDatatype>LOGDT019</logicalDatatype>
<dataTypePrecision>4</dataTypePrecision>
<ownDataTypeParameters>,,</ownDataTypeParameters>
<previousColumn>false</previousColumn>
<autoIncrementCycle>false</autoIncrementCycle>
<associations>
<colAssociation fkAssociation="89EAA708-35A1-F8CE-C2A9-A5CFEE746F30" referredColumn="9F1400BA-6280-3BC0-8375-5436EE8B1835"/>
</associations>
</Column>
<Column name="nurse_id" id="D169E33D-5D7F-124A-44B5-8DB04348BDE2">
<createdBy>lisongyuan</createdBy>
<createdTime>2019-04-29 10:04:24 UTC</createdTime>
<commentInRDBMS>nurse&apos;s ID</commentInRDBMS>
<generatorID>AC5CAD5A-5792-710A-0CEE-15F4DE2FE506</generatorID>
<ownerDesignName>mh_logical</ownerDesignName>
<useDomainConstraints>false</useDomainConstraints>
<use>1</use>
<logicalDatatype>LOGDT019</logicalDatatype>
<dataTypePrecision>10</dataTypePrecision>
<ownDataTypeParameters>,10,</ownDataTypeParameters>
<previousColumn>false</previousColumn>
<autoIncrementCycle>false</autoIncrementCycle>
<associations>
<colAssociation fkAssociation="1230030E-B2C9-FB9E-B558-4D8F88D35E18" referredColumn="EC5E0EE9-CFD1-F7CB-80DB-EAA12D9FD6B4"/>
</associations>
</Column>
</columns>
<indexes itemClass="oracle.dbtools.crest.model.design.relational.Index">
<ind_PK_UK id="5431FC74-10D2-52B2-FBC4-C2988C28DE32" name="Allocation_PK">
<createdBy>lisongyuan</createdBy>
<createdTime>2019-04-28 10:42:49 UTC</createdTime>
<generatorID>3985C15F-9235-4D78-773A-D38D69DC5FF1</generatorID>
<ownerDesignName>mh_logical</ownerDesignName>
<pk>true</pk>
<indexState>Primary Constraint</indexState>
<isSurrogateKey>false</isSurrogateKey>
<indexColumnUsage>
<colUsage columnID="D169E33D-5D7F-124A-44B5-8DB04348BDE2"/>
<colUsage columnID="96A0E2CE-4B00-4BD2-A135-02A859654CAC"/>
</indexColumnUsage>
</ind_PK_UK>
<ind_PK_UK id="265A2164-8BC2-C016-AE3B-1CA05599F597" name="nurse_allocation">
<createdBy>lisongyuan</createdBy>
<createdTime>2019-04-28 10:42:49 UTC</createdTime>
<generatorID>CEF0C87A-BCCB-3B51-A36F-4A94C1683725</generatorID>
<ownerDesignName>mh_logical</ownerDesignName>
<indexState>Foreign Key</indexState>
<isSurrogateKey>false</isSurrogateKey>
<indexColumnUsage>
<colUsage columnID="D169E33D-5D7F-124A-44B5-8DB04348BDE2"/>
</indexColumnUsage>
</ind_PK_UK>
<ind_PK_UK id="B523A8F3-1B0D-D329-7C56-79E3CD0CA5B9" name="ward_allocation">
<createdBy>lisongyuan</createdBy>
<createdTime>2019-04-28 10:42:49 UTC</createdTime>
<generatorID>E0648CF4-48A3-C928-7DDE-2CE74A4BCAC8</generatorID>
<ownerDesignName>mh_logical</ownerDesignName>
<indexState>Foreign Key</indexState>
<isSurrogateKey>false</isSurrogateKey>
<indexColumnUsage>
<colUsage columnID="07FB16DA-162A-72F2-82C7-D06264A04086"/>
</indexColumnUsage>
</ind_PK_UK>
</indexes>
</Table>