<?xml version = '1.0' encoding = 'UTF-8'?>
<Table class="oracle.dbtools.crest.model.design.relational.Table" directorySegmentName="seg_0" id="C86C41C4-F9CE-D5DA-1BCB-D57E567F9F8A" name="Admissions">
<createdBy>lisongyuan</createdBy>
<createdTime>2019-04-28 10:42:49 UTC</createdTime>
<generatorID>180244A4-6BD9-2C31-D3A0-7B3C97F335B4</generatorID>
<ownerDesignName>mh_logical</ownerDesignName>
<allowColumnReorder>false</allowColumnReorder>
<existDependencyGenerateInDDl>true</existDependencyGenerateInDDl>
<parsed>true</parsed>
<columns itemClass="oracle.dbtools.crest.model.design.relational.Column">
<Column name="ad_date/time" id="25502C72-9011-0C8E-5A69-1C61033B3D11">
<createdBy>lisongyuan</createdBy>
<createdTime>2019-04-28 10:42:49 UTC</createdTime>
<commentInRDBMS>the date and time of admission</commentInRDBMS>
<generatorID>91909297-8607-031F-BBAB-77C4B0BB9ABF</generatorID>
<ownerDesignName>mh_logical</ownerDesignName>
<useDomainConstraints>false</useDomainConstraints>
<use>1</use>
<logicalDatatype>LOGDT007</logicalDatatype>
<ownDataTypeParameters>,,</ownDataTypeParameters>
<autoIncrementColumn>true</autoIncrementColumn>
<autoIncrementCycle>false</autoIncrementCycle>
<autoIncrementGenerateTrigger>false</autoIncrementGenerateTrigger>
</Column>
<Column name="pat_id" id="16FDBA4F-880C-9B94-AC86-B988B4022FC8">
<createdBy>lisongyuan</createdBy>
<createdTime>2019-04-28 10:42:49 UTC</createdTime>
<commentInRDBMS>pat_id:patient ID</commentInRDBMS>
<generatorID>3D919DF6-DD51-116E-2E95-AEA5A67D58ED</generatorID>
<ownerDesignName>mh_logical</ownerDesignName>
<useDomainConstraints>false</useDomainConstraints>
<use>1</use>
<logicalDatatype>LOGDT019</logicalDatatype>
<dataTypePrecision>6</dataTypePrecision>
<ownDataTypeParameters>,,</ownDataTypeParameters>
<previousColumn>false</previousColumn>
<autoIncrementColumn>true</autoIncrementColumn>
<autoIncrementCycle>false</autoIncrementCycle>
<autoIncrementGenerateTrigger>false</autoIncrementGenerateTrigger>
<associations>
<colAssociation fkAssociation="BA78A1C8-06DE-2EB0-5D2F-C0997F322087" referredColumn="B2220D23-D4BF-8A6C-DD90-B273FE1D4787"/>
</associations>
</Column>
<Column name="sp_doc_id" id="FC1C6CD6-D789-A3AB-52A0-A42324411F58">
<createdBy>lisongyuan</createdBy>
<createdTime>2019-04-28 10:42:49 UTC</createdTime>
<commentInRDBMS>doctor&apos;s ID</commentInRDBMS>
<generatorID>2857D4EF-4024-5932-7ED0-B930C94F22D4</generatorID>
<ownerDesignName>mh_logical</ownerDesignName>
<useDomainConstraints>false</useDomainConstraints>
<use>1</use>
<logicalDatatype>LOGDT019</logicalDatatype>
<dataTypePrecision>4</dataTypePrecision>
<ownDataTypeParameters>,,</ownDataTypeParameters>
<previousColumn>false</previousColumn>
<autoIncrementColumn>true</autoIncrementColumn>
<autoIncrementCycle>false</autoIncrementCycle>
<autoIncrementGenerateTrigger>false</autoIncrementGenerateTrigger>
<associations>
<colAssociation fkAssociation="ACB303DB-1FF0-7381-4373-1B137B5D2922" referredColumn="27636C5E-21CE-37AA-C256-00764B2BF891"/>
</associations>
</Column>
<Column name="ad_id" id="45BC8036-42F3-0111-B805-26F5D9042DA8">
<createdBy>lisongyuan</createdBy>
<createdTime>2019-04-28 10:42:49 UTC</createdTime>
<commentInRDBMS>creat a surrpgate key</commentInRDBMS>
<generatorID>C68C1E07-B2B5-D78F-568B-CDD269A470D9</generatorID>
<ownerDesignName>mh_logical</ownerDesignName>
<useDomainConstraints>false</useDomainConstraints>
<use>1</use>
<logicalDatatype>LOGDT019</logicalDatatype>
<dataTypePrecision>15</dataTypePrecision>
<ownDataTypeParameters>,15,</ownDataTypeParameters>
<autoIncrementColumn>true</autoIncrementColumn>
<autoIncrementCycle>false</autoIncrementCycle>
<autoIncrementGenerateTrigger>false</autoIncrementGenerateTrigger>
</Column>
</columns>
<indexes itemClass="oracle.dbtools.crest.model.design.relational.Index">
<ind_PK_UK id="1923D3C8-F922-5BC2-9E55-795350EA6B58" name="Admissions_PK">
<createdBy>lisongyuan</createdBy>
<createdTime>2019-04-28 10:42:49 UTC</createdTime>
<generatorID>1B72CCA9-370F-7EC5-BA75-6816A88BE58B</generatorID>
<ownerDesignName>mh_logical</ownerDesignName>
<pk>true</pk>
<indexState>Primary Constraint</indexState>
<isSurrogateKey>false</isSurrogateKey>
<indexColumnUsage>
<colUsage columnID="45BC8036-42F3-0111-B805-26F5D9042DA8"/>
</indexColumnUsage>
</ind_PK_UK>
<ind_PK_UK id="9BB95357-BE7E-B55A-23A5-B3059470E31B" name="unique">
<createdBy>lisongyuan</createdBy>
<createdTime>2019-04-28 10:42:49 UTC</createdTime>
<generatorID>B748C4FF-6C3E-ADDC-7243-63C05E3D5FEE</generatorID>
<ownerDesignName>mh_logical</ownerDesignName>
<indexState>Unique Constraint</indexState>
<isSurrogateKey>false</isSurrogateKey>
<indexColumnUsage>
<colUsage columnID="25502C72-9011-0C8E-5A69-1C61033B3D11"/>
<colUsage columnID="16FDBA4F-880C-9B94-AC86-B988B4022FC8"/>
</indexColumnUsage>
</ind_PK_UK>
<ind_PK_UK id="7602A315-1572-77BD-8F2F-1CE2189A106D" name="doctor_admission">
<createdBy>lisongyuan</createdBy>
<createdTime>2019-04-28 10:42:49 UTC</createdTime>
<generatorID>76464CC0-446F-FED9-9295-1683F7E6E057</generatorID>
<ownerDesignName>mh_logical</ownerDesignName>
<indexState>Foreign Key</indexState>
<isSurrogateKey>false</isSurrogateKey>
<indexColumnUsage>
<colUsage columnID="FC1C6CD6-D789-A3AB-52A0-A42324411F58"/>
</indexColumnUsage>
</ind_PK_UK>
<ind_PK_UK id="E2F9E358-8604-1AAF-E4C2-750436C3293C" name="patients_admissions">
<createdBy>lisongyuan</createdBy>
<createdTime>2019-04-28 10:42:49 UTC</createdTime>
<generatorID>E153EB61-78F2-05A0-E07D-06747FEBFB8E</generatorID>
<ownerDesignName>mh_logical</ownerDesignName>
<indexState>Foreign Key</indexState>
<isSurrogateKey>false</isSurrogateKey>
<indexColumnUsage>
<colUsage columnID="16FDBA4F-880C-9B94-AC86-B988B4022FC8"/>
</indexColumnUsage>
</ind_PK_UK>
</indexes>
</Table>