<?xml version = '1.0' encoding = 'UTF-8'?>
<Table class="oracle.dbtools.crest.model.design.relational.Table" directorySegmentName="seg_0" id="E561DC3D-D42B-5F31-1C54-86FBBC3190D4" name="Procedures">
<createdBy>lisongyuan</createdBy>
<createdTime>2019-04-28 10:42:49 UTC</createdTime>
<generatorID>D0AAE1FB-2A02-F3D0-BE9B-DE1904AF9622</generatorID>
<ownerDesignName>mh_logical</ownerDesignName>
<allowColumnReorder>false</allowColumnReorder>
<existDependencyGenerateInDDl>true</existDependencyGenerateInDDl>
<parsed>true</parsed>
<columns itemClass="oracle.dbtools.crest.model.design.relational.Column">
<Column name="pro_code" id="8881BBA9-480A-E1C4-D09C-3564EEAE236B">
<createdBy>lisongyuan</createdBy>
<createdTime>2019-04-28 10:42:49 UTC</createdTime>
<commentInRDBMS>procedure&apos;s code</commentInRDBMS>
<generatorID>83C3DB89-C510-FB5B-E1A1-801270188A04</generatorID>
<ownerDesignName>mh_logical</ownerDesignName>
<useDomainConstraints>false</useDomainConstraints>
<use>1</use>
<logicalDatatype>LOGDT019</logicalDatatype>
<dataTypePrecision>10</dataTypePrecision>
<ownDataTypeParameters>,10,</ownDataTypeParameters>
<autoIncrementCycle>false</autoIncrementCycle>
</Column>
<Column name="pro_name" id="4228E9DE-402E-D859-494B-2088EE4575FF">
<createdBy>lisongyuan</createdBy>
<createdTime>2019-04-28 10:42:49 UTC</createdTime>
<commentInRDBMS>the name of procedure</commentInRDBMS>
<generatorID>37E0FB44-DBA7-6036-260B-4EE43CC8E6BC</generatorID>
<ownerDesignName>mh_logical</ownerDesignName>
<useDomainConstraints>false</useDomainConstraints>
<use>1</use>
<logicalDatatype>LOGDT024</logicalDatatype>
<dataTypeSize>50 CHAR</dataTypeSize>
<ownDataTypeParameters>50 CHAR,,</ownDataTypeParameters>
<autoIncrementCycle>false</autoIncrementCycle>
</Column>
<Column name="pro_charge" id="91008726-0F1E-BCB9-1C4D-8FC0F219FB28">
<createdBy>lisongyuan</createdBy>
<createdTime>2019-04-29 13:21:45 UTC</createdTime>
<commentInRDBMS>procedure&apos;s charge</commentInRDBMS>
<generatorID>694BF765-D7C8-4B9E-4981-E2CD462DDC57</generatorID>
<ownerDesignName>mh_logical</ownerDesignName>
<useDomainConstraints>false</useDomainConstraints>
<use>1</use>
<logicalDatatype>LOGDT019</logicalDatatype>
<dataTypePrecision>10</dataTypePrecision>
<dataTypeScale>2</dataTypeScale>
<ownDataTypeParameters>,10,2</ownDataTypeParameters>
<autoIncrementCycle>false</autoIncrementCycle>
</Column>
</columns>
<indexes itemClass="oracle.dbtools.crest.model.design.relational.Index">
<ind_PK_UK id="0B1C463F-B9EA-3555-7CEE-21930B3DBB9E" name="Procedures_PK">
<createdBy>lisongyuan</createdBy>
<createdTime>2019-04-28 10:42:49 UTC</createdTime>
<generatorID>56BDE8DA-F361-E557-67F0-D4B32BAA9A23</generatorID>
<ownerDesignName>mh_logical</ownerDesignName>
<pk>true</pk>
<indexState>Primary Constraint</indexState>
<isSurrogateKey>false</isSurrogateKey>
<indexColumnUsage>
<colUsage columnID="8881BBA9-480A-E1C4-D09C-3564EEAE236B"/>
</indexColumnUsage>
</ind_PK_UK>
</indexes>
</Table>