<?xml version = '1.0' encoding = 'UTF-8'?>
<Table class="oracle.dbtools.crest.model.design.relational.Table" directorySegmentName="seg_0" id="FD7616EA-DAAD-7E38-F278-DDCB4417A4F8" name="Procedures_details">
<createdBy>lisongyuan</createdBy>
<createdTime>2019-04-28 10:42:49 UTC</createdTime>
<generatorID>330320A1-F41C-8EE0-C61D-98850EB5BD05</generatorID>
<ownerDesignName>mh_logical</ownerDesignName>
<allowColumnReorder>false</allowColumnReorder>
<existDependencyGenerateInDDl>true</existDependencyGenerateInDDl>
<parsed>true</parsed>
<columns itemClass="oracle.dbtools.crest.model.design.relational.Column">
<Column name="pro_date/time" id="A8B9BE17-9FE2-9E9D-AEFD-9EC9113AD4DF">
<createdBy>lisongyuan</createdBy>
<createdTime>2019-04-28 10:42:49 UTC</createdTime>
<commentInRDBMS>the date and time of procedures</commentInRDBMS>
<generatorID>56B7AF59-B7A1-AD3D-21AE-F43109967625</generatorID>
<ownerDesignName>mh_logical</ownerDesignName>
<useDomainConstraints>false</useDomainConstraints>
<use>1</use>
<logicalDatatype>LOGDT007</logicalDatatype>
<ownDataTypeParameters>,,</ownDataTypeParameters>
<autoIncrementCycle>false</autoIncrementCycle>
</Column>
<Column name="car_doc_id" id="92DEA39C-8BF1-3F65-FB6A-EF0FA4585181">
<createdBy>lisongyuan</createdBy>
<createdTime>2019-04-28 10:42:49 UTC</createdTime>
<commentInRDBMS>doctor&apos;s ID</commentInRDBMS>
<generatorID>FE67EBC7-A3E3-BB8D-5AD4-DA859E318AFC</generatorID>
<ownerDesignName>mh_logical</ownerDesignName>
<nullsAllowed>true</nullsAllowed>
<useDomainConstraints>false</useDomainConstraints>
<use>1</use>
<logicalDatatype>LOGDT019</logicalDatatype>
<dataTypePrecision>4</dataTypePrecision>
<ownDataTypeParameters>,4,</ownDataTypeParameters>
<previousColumn>false</previousColumn>
<autoIncrementColumn>true</autoIncrementColumn>
<autoIncrementCycle>false</autoIncrementCycle>
<autoIncrementGenerateTrigger>false</autoIncrementGenerateTrigger>
<associations>
<colAssociation fkAssociation="186E252F-6CCB-389D-6942-F6C82230596B" referredColumn="27636C5E-21CE-37AA-C256-00764B2BF891"/>
</associations>
</Column>
<Column name="req_doc_id" id="07960874-C6B6-18AC-8D2B-5A057BF28418">
<createdBy>lisongyuan</createdBy>
<createdTime>2019-04-28 10:42:49 UTC</createdTime>
<commentInRDBMS>doctor&apos;s ID</commentInRDBMS>
<generatorID>7B985903-5DDB-8315-E6EB-0CB2E6913718</generatorID>
<ownerDesignName>mh_logical</ownerDesignName>
<useDomainConstraints>false</useDomainConstraints>
<use>1</use>
<logicalDatatype>LOGDT019</logicalDatatype>
<dataTypePrecision>4</dataTypePrecision>
<ownDataTypeParameters>,4,</ownDataTypeParameters>
<previousColumn>false</previousColumn>
<autoIncrementColumn>true</autoIncrementColumn>
<autoIncrementCycle>false</autoIncrementCycle>
<autoIncrementGenerateTrigger>false</autoIncrementGenerateTrigger>
<associations>
<colAssociation fkAssociation="B3C10A9C-B6A3-D102-EB4A-3B2491D81D0C" referredColumn="27636C5E-21CE-37AA-C256-00764B2BF891"/>
</associations>
</Column>
<Column name="pro_code" id="41C660AC-AF1B-0AF0-1364-EE3DA05026D0">
<createdBy>lisongyuan</createdBy>
<createdTime>2019-04-28 10:42:49 UTC</createdTime>
<commentInRDBMS>procedure&apos;s code</commentInRDBMS>
<generatorID>2375D4D0-F8CD-745B-772A-CB4C5AB329F4</generatorID>
<ownerDesignName>mh_logical</ownerDesignName>
<useDomainConstraints>false</useDomainConstraints>
<use>1</use>
<logicalDatatype>LOGDT019</logicalDatatype>
<dataTypePrecision>10</dataTypePrecision>
<ownDataTypeParameters>,10,</ownDataTypeParameters>
<previousColumn>false</previousColumn>
<autoIncrementColumn>true</autoIncrementColumn>
<autoIncrementCycle>false</autoIncrementCycle>
<autoIncrementGenerateTrigger>false</autoIncrementGenerateTrigger>
<associations>
<colAssociation fkAssociation="88CF5536-23E6-0177-9EC5-AADA81120885" referredColumn="8881BBA9-480A-E1C4-D09C-3564EEAE236B"/>
</associations>
</Column>
<Column name="ad_id" id="98907292-4456-6564-9956-B7F75E777178">
<createdBy>lisongyuan</createdBy>
<createdTime>2019-04-28 10:42:49 UTC</createdTime>
<commentInRDBMS>creat a surrpgate key</commentInRDBMS>
<generatorID>519D478E-4C7F-CE56-7043-C26FE375C3DB</generatorID>
<ownerDesignName>mh_logical</ownerDesignName>
<useDomainConstraints>false</useDomainConstraints>
<use>1</use>
<logicalDatatype>LOGDT019</logicalDatatype>
<dataTypePrecision>15</dataTypePrecision>
<ownDataTypeParameters>,15,</ownDataTypeParameters>
<previousColumn>false</previousColumn>
<autoIncrementColumn>true</autoIncrementColumn>
<autoIncrementCycle>false</autoIncrementCycle>
<autoIncrementGenerateTrigger>false</autoIncrementGenerateTrigger>
<associations>
<colAssociation fkAssociation="E7CC736D-1B36-F2C0-6A0F-820CD8247B84" referredColumn="45BC8036-42F3-0111-B805-26F5D9042DA8"/>
</associations>
</Column>
</columns>
<indexes itemClass="oracle.dbtools.crest.model.design.relational.Index">
<ind_PK_UK id="716CC8EA-E99A-7CCD-0D98-0CAAC05AC71E" name="Procedures_details_PK">
<createdBy>lisongyuan</createdBy>
<createdTime>2019-04-28 10:42:49 UTC</createdTime>
<generatorID>2FB865B7-8268-27AC-E987-07D75C93AC33</generatorID>
<ownerDesignName>mh_logical</ownerDesignName>
<pk>true</pk>
<indexState>Primary Constraint</indexState>
<isSurrogateKey>false</isSurrogateKey>
<indexColumnUsage>
<colUsage columnID="A8B9BE17-9FE2-9E9D-AEFD-9EC9113AD4DF"/>
<colUsage columnID="98907292-4456-6564-9956-B7F75E777178"/>
</indexColumnUsage>
</ind_PK_UK>
<ind_PK_UK id="E926E061-0445-DCE2-D415-51147332C1F4" name="admission_procedure">
<createdBy>lisongyuan</createdBy>
<createdTime>2019-04-28 10:42:49 UTC</createdTime>
<generatorID>F6BE48C1-2DBF-2A14-2163-D991F5E55FB4</generatorID>
<ownerDesignName>mh_logical</ownerDesignName>
<indexState>Foreign Key</indexState>
<isSurrogateKey>false</isSurrogateKey>
<indexColumnUsage>
<colUsage columnID="98907292-4456-6564-9956-B7F75E777178"/>
</indexColumnUsage>
</ind_PK_UK>
<ind_PK_UK id="9C7D421E-2FD3-568D-E80A-297B16E90514" name="carryout_doctor_procedure">
<createdBy>lisongyuan</createdBy>
<createdTime>2019-04-28 10:42:49 UTC</createdTime>
<generatorID>950D63CB-C587-7304-2DAC-C9BF62B26E9C</generatorID>
<ownerDesignName>mh_logical</ownerDesignName>
<indexState>Foreign Key</indexState>
<isSurrogateKey>false</isSurrogateKey>
<indexColumnUsage>
<colUsage columnID="92DEA39C-8BF1-3F65-FB6A-EF0FA4585181"/>
</indexColumnUsage>
</ind_PK_UK>
<ind_PK_UK id="B2FFC372-0D63-9F9C-EC19-D467BBE5FCFA" name="procedures_pro_details">
<createdBy>lisongyuan</createdBy>
<createdTime>2019-04-28 10:42:49 UTC</createdTime>
<generatorID>B4EBEB3C-067D-13E1-E2E9-D2AAC8FEE2A2</generatorID>
<ownerDesignName>mh_logical</ownerDesignName>
<indexState>Foreign Key</indexState>
<isSurrogateKey>false</isSurrogateKey>
<indexColumnUsage>
<colUsage columnID="41C660AC-AF1B-0AF0-1364-EE3DA05026D0"/>
</indexColumnUsage>
</ind_PK_UK>
<ind_PK_UK id="FABE170D-EAA9-050B-9CE6-3A81A240E0F2" name="request_doctor_procedure">
<createdBy>lisongyuan</createdBy>
<createdTime>2019-04-28 10:42:49 UTC</createdTime>
<generatorID>731997F1-11FE-4A66-02A9-00751A2CEA01</generatorID>
<ownerDesignName>mh_logical</ownerDesignName>
<indexState>Foreign Key</indexState>
<isSurrogateKey>false</isSurrogateKey>
<indexColumnUsage>
<colUsage columnID="07960874-C6B6-18AC-8D2B-5A057BF28418"/>
</indexColumnUsage>
</ind_PK_UK>
</indexes>
</Table>