<?xml version = '1.0' encoding = 'UTF-8'?>
<Diagram class="oracle.dbtools.crest.swingui.relational.DPVRelational" name="Relational_1" id="485DDFBF-395B-E0CA-02ED-2AB95DEB92E8">
<createdBy>lisongyuan</createdBy>
<modifiedBy>lisongyuan</modifiedBy>
<createdTime>2019-04-28 10:42:49 UTC</createdTime>
<autoRoute>false</autoRoute>
<boxInbox>true</boxInbox>
<showLegend>false</showLegend>
<showLabels>false</showLabels>
<showRelAttributes>false</showRelAttributes>
<gridEnabled>false</gridEnabled>
<showGrid>false</showGrid>
<diagramColor>-1</diagramColor>
<display>false</display>
<notation>1</notation>
<objectViews>
<OView class="oracle.dbtools.crest.swingui.relational.TVTable" oid="028AEA7F-E355-B780-6735-B91C630183BE" otype="Table" vid="37929EFA-8292-4D18-E234-6F6436573C47">
<hideElementsInCurrentOnly>false</hideElementsInCurrentOnly>
<bounds x="1055" y="344" width="175" height="109"/>
</OView>
<OView class="oracle.dbtools.crest.swingui.relational.TVTable" oid="04B39566-20B8-FEBC-D50B-0F2FB4CC5466" otype="Table" vid="7DE27704-AC47-D018-D674-47A00307EE8A">
<hideElementsInCurrentOnly>false</hideElementsInCurrentOnly>
<bounds x="759" y="557" width="177" height="133"/>
</OView>
<OView class="oracle.dbtools.crest.swingui.relational.TVTable" oid="4569AF43-7CA4-61F4-6C22-A80FBB2D369F" otype="Table" vid="4ABA5302-A410-43A1-0785-726166A2E6BE">
<hideElementsInCurrentOnly>false</hideElementsInCurrentOnly>
<bounds x="735" y="952" width="206" height="138"/>
</OView>
<OView class="oracle.dbtools.crest.swingui.relational.TVTable" oid="52D72A50-F1D7-8392-74EE-13C6A54C6583" otype="Table" vid="ED6B8610-EB58-E940-F7E7-915B0AB0C867">
<hideElementsInCurrentOnly>false</hideElementsInCurrentOnly>
<bounds x="84" y="513" width="244" height="148"/>
</OView>
<OView class="oracle.dbtools.crest.swingui.relational.TVTable" oid="5EE9E9E9-29C0-7305-EE02-6F90C5D57B13" otype="Table" vid="715E4A2B-B941-F48A-11C4-4B566E2B568D">
<hideElementsInCurrentOnly>false</hideElementsInCurrentOnly>
<bounds x="734" y="342" width="170" height="111"/>
</OView>
<OView class="oracle.dbtools.crest.swingui.relational.TVTable" oid="75CA27B4-2730-18AB-87E4-6BB4EEC87C94" otype="Table" vid="D4D8CE16-A255-F344-94D6-76B1FCE69695">
<hideElementsInCurrentOnly>false</hideElementsInCurrentOnly>
<bounds x="1099" y="748" width="175" height="116"/>
</OView>
<OView class="oracle.dbtools.crest.swingui.relational.TVTable" oid="808C7FCB-48B2-E48B-E45A-EF804A8C9F40" otype="Table" vid="961D25B5-6442-AFD4-122F-4533925E5A68">
<hideElementsInCurrentOnly>false</hideElementsInCurrentOnly>
<bounds x="75" y="304" width="222" height="121"/>
</OView>
<OView class="oracle.dbtools.crest.swingui.relational.TVTable" oid="8A8A5EF5-E0D5-44A1-9AEC-8F45FB670F2B" otype="Table" vid="331B9EAC-ED89-6FDD-FE6E-DBF3857289ED">
<hideElementsInCurrentOnly>false</hideElementsInCurrentOnly>
<bounds x="1362" y="342" width="170" height="112"/>
</OView>
<OView class="oracle.dbtools.crest.swingui.relational.TVTable" oid="92546FD2-352C-5234-C874-4C3C2B9AC4C2" otype="Table" vid="90A6EFD4-83ED-1A68-F60A-A4F580563D1A">
<hideElementsInCurrentOnly>false</hideElementsInCurrentOnly>
<bounds x="1088" y="544" width="183" height="148"/>
</OView>
<OView class="oracle.dbtools.crest.swingui.relational.TVTable" oid="B7809D00-33D0-7E9A-BF7B-C16D506C501E" otype="Table" vid="0BB9F856-78ED-C306-49B7-0C9CDC59CB56">
<hideElementsInCurrentOnly>false</hideElementsInCurrentOnly>
<bounds x="1098" y="945" width="193" height="152"/>
</OView>
<OView class="oracle.dbtools.crest.swingui.relational.TVTable" oid="C46AF2CA-3668-8F89-B071-77376B276C42" otype="Table" vid="61D59536-D98B-D9A4-E6F5-577725684CD9">
<hideElementsInCurrentOnly>false</hideElementsInCurrentOnly>
<bounds x="90" y="781" width="227" height="109"/>
</OView>
<OView class="oracle.dbtools.crest.swingui.relational.TVTable" oid="C5D23429-7F58-60B9-3E44-6DD8AA8292A0" otype="Table" vid="B0CD8BCA-D5AC-04C0-272C-EAC36219E090">
<hideElementsInCurrentOnly>false</hideElementsInCurrentOnly>
<bounds x="427" y="779" width="215" height="111"/>
</OView>
<OView class="oracle.dbtools.crest.swingui.relational.TVTable" oid="C86C41C4-F9CE-D5DA-1BCB-D57E567F9F8A" otype="Table" vid="7BB8EC66-EF2F-2F07-5720-E238C802E631">
<hideElementsInCurrentOnly>false</hideElementsInCurrentOnly>
<bounds x="435" y="572" width="192" height="118"/>
</OView>
<OView class="oracle.dbtools.crest.swingui.relational.TVTable" oid="E561DC3D-D42B-5F31-1C54-86FBBC3190D4" otype="Table" vid="30A9F053-2AC7-5A05-75B3-5198D2D6043D">
<hideElementsInCurrentOnly>false</hideElementsInCurrentOnly>
<bounds x="448" y="161" width="168" height="94"/>
</OView>
<OView class="oracle.dbtools.crest.swingui.relational.TVTable" oid="FD7616EA-DAAD-7E38-F278-DDCB4417A4F8" otype="Table" vid="033FCFD8-3B83-1A4A-34FC-E55B98B49D46">
<hideElementsInCurrentOnly>false</hideElementsInCurrentOnly>
<bounds x="446" y="331" width="177" height="124"/>
</OView>
</objectViews>
<connectors>
<Connector class="oracle.dbtools.crest.swingui.relational.TVFKRelation" oid="103D8613-9746-FD8B-2B8C-D2BDF2E78648" otype="FKIndexAssociation" vid_source="ED6B8610-EB58-E940-F7E7-915B0AB0C867" vid_target="961D25B5-6442-AFD4-122F-4533925E5A68">
<hideElementsInCurrentOnly>false</hideElementsInCurrentOnly>
<backgroundColor>-16777216</backgroundColor>
<lineWidth>1</lineWidth>
<points>
<point x="190" y="513"/>
<point x="190" y="425"/>
</points>
</Connector>
<Connector class="oracle.dbtools.crest.swingui.relational.TVFKRelation" oid="1230030E-B2C9-FB9E-B558-4D8F88D35E18" otype="FKIndexAssociation" vid_source="4ABA5302-A410-43A1-0785-726166A2E6BE" vid_target="0BB9F856-78ED-C306-49B7-0C9CDC59CB56">
<hideElementsInCurrentOnly>false</hideElementsInCurrentOnly>
<backgroundColor>-16777216</backgroundColor>
<lineWidth>1</lineWidth>
<points>
<point x="941" y="1021"/>
<point x="1098" y="1021"/>
</points>
</Connector>
<Connector class="oracle.dbtools.crest.swingui.relational.TVFKRelation" oid="186E252F-6CCB-389D-6942-F6C82230596B" otype="FKIndexAssociation" vid_source="715E4A2B-B941-F48A-11C4-4B566E2B568D" vid_target="033FCFD8-3B83-1A4A-34FC-E55B98B49D46">
<hideElementsInCurrentOnly>false</hideElementsInCurrentOnly>
<backgroundColor>-16777216</backgroundColor>
<lineWidth>1</lineWidth>
<points>
<point x="734" y="412"/>
<point x="623" y="412"/>
</points>
</Connector>
<Connector class="oracle.dbtools.crest.swingui.relational.TVFKRelation" oid="1880B5BE-1F3C-BB8D-EE0E-473F5826D562" otype="FKIndexAssociation" vid_source="61D59536-D98B-D9A4-E6F5-577725684CD9" vid_target="ED6B8610-EB58-E940-F7E7-915B0AB0C867">
<hideElementsInCurrentOnly>false</hideElementsInCurrentOnly>
<backgroundColor>-16777216</backgroundColor>
<lineWidth>1</lineWidth>
<points>
<point x="203" y="781"/>
<point x="203" y="661"/>
</points>
</Connector>
<Connector class="oracle.dbtools.crest.swingui.relational.TVFKRelation" oid="4F875242-7328-FFE7-F38B-A8009EE3597C" otype="FKIndexAssociation" vid_source="331B9EAC-ED89-6FDD-FE6E-DBF3857289ED" vid_target="37929EFA-8292-4D18-E234-6F6436573C47">
<hideElementsInCurrentOnly>false</hideElementsInCurrentOnly>
<backgroundColor>-16777216</backgroundColor>
<lineWidth>1</lineWidth>
<points>
<point x="1362" y="398"/>
<point x="1230" y="398"/>
</points>
</Connector>
<Connector class="oracle.dbtools.crest.swingui.relational.TVFKRelation" oid="63DA5CFB-7054-2341-2F51-502AAEB10172" otype="FKIndexAssociation" vid_source="90A6EFD4-83ED-1A68-F60A-A4F580563D1A" vid_target="7DE27704-AC47-D018-D674-47A00307EE8A">
<hideElementsInCurrentOnly>false</hideElementsInCurrentOnly>
<backgroundColor>-16777216</backgroundColor>
<lineWidth>1</lineWidth>
<points>
<point x="1088" y="623"/>
<point x="936" y="623"/>
</points>
</Connector>
<Connector class="oracle.dbtools.crest.swingui.relational.TVFKRelation" oid="6EB98E18-018C-ED5B-8824-4FC9CBE47DA0" otype="FKIndexAssociation" vid_source="7BB8EC66-EF2F-2F07-5720-E238C802E631" vid_target="7DE27704-AC47-D018-D674-47A00307EE8A">
<hideElementsInCurrentOnly>false</hideElementsInCurrentOnly>
<backgroundColor>-16777216</backgroundColor>
<lineWidth>1</lineWidth>
<points>
<point x="627" y="631"/>
<point x="759" y="631"/>
</points>
</Connector>
<Connector class="oracle.dbtools.crest.swingui.relational.TVFKRelation" oid="88CF5536-23E6-0177-9EC5-AADA81120885" otype="FKIndexAssociation" vid_source="30A9F053-2AC7-5A05-75B3-5198D2D6043D" vid_target="033FCFD8-3B83-1A4A-34FC-E55B98B49D46">
<hideElementsInCurrentOnly>false</hideElementsInCurrentOnly>
<backgroundColor>-16777216</backgroundColor>
<lineWidth>1</lineWidth>
<points>
<point x="532" y="255"/>
<point x="532" y="331"/>
</points>
</Connector>
<Connector class="oracle.dbtools.crest.swingui.relational.TVFKRelation" oid="89EAA708-35A1-F8CE-C2A9-A5CFEE746F30" otype="FKIndexAssociation" vid_source="D4D8CE16-A255-F344-94D6-76B1FCE69695" vid_target="0BB9F856-78ED-C306-49B7-0C9CDC59CB56">
<hideElementsInCurrentOnly>false</hideElementsInCurrentOnly>
<backgroundColor>-16777216</backgroundColor>
<lineWidth>1</lineWidth>
<points>
<point x="1186" y="864"/>
<point x="1186" y="945"/>
</points>
</Connector>
<Connector class="oracle.dbtools.crest.swingui.relational.TVFKRelation" oid="ACB303DB-1FF0-7381-4373-1B137B5D2922" otype="FKIndexAssociation" vid_source="715E4A2B-B941-F48A-11C4-4B566E2B568D" vid_target="7BB8EC66-EF2F-2F07-5720-E238C802E631">
<hideElementsInCurrentOnly>false</hideElementsInCurrentOnly>
<backgroundColor>-16777216</backgroundColor>
<lineWidth>1</lineWidth>
<points>
<point x="828" y="453"/>
<point x="828" y="502"/>
<point x="571" y="505"/>
<point x="571" y="572"/>
</points>
</Connector>
<Connector class="oracle.dbtools.crest.swingui.relational.TVFKRelation" oid="B3C10A9C-B6A3-D102-EB4A-3B2491D81D0C" otype="FKIndexAssociation" vid_source="715E4A2B-B941-F48A-11C4-4B566E2B568D" vid_target="033FCFD8-3B83-1A4A-34FC-E55B98B49D46">
<hideElementsInCurrentOnly>false</hideElementsInCurrentOnly>
<backgroundColor>-16777216</backgroundColor>
<lineWidth>1</lineWidth>
<points>
<point x="734" y="355"/>
<point x="623" y="356"/>
</points>
</Connector>
<Connector class="oracle.dbtools.crest.swingui.relational.TVFKRelation" oid="BA78A1C8-06DE-2EB0-5D2F-C0997F322087" otype="FKIndexAssociation" vid_source="B0CD8BCA-D5AC-04C0-272C-EAC36219E090" vid_target="7BB8EC66-EF2F-2F07-5720-E238C802E631">
<hideElementsInCurrentOnly>false</hideElementsInCurrentOnly>
<backgroundColor>-16777216</backgroundColor>
<lineWidth>1</lineWidth>
<points>
<point x="531" y="779"/>
<point x="531" y="690"/>
</points>
</Connector>
<Connector class="oracle.dbtools.crest.swingui.relational.TVFKRelation" oid="C29F4229-EB17-6C24-8F36-89BB4D8EB95D" otype="FKIndexAssociation" vid_source="715E4A2B-B941-F48A-11C4-4B566E2B568D" vid_target="37929EFA-8292-4D18-E234-6F6436573C47">
<hideElementsInCurrentOnly>false</hideElementsInCurrentOnly>
<backgroundColor>-16777216</backgroundColor>
<lineWidth>1</lineWidth>
<points>
<point x="904" y="428"/>
<point x="1055" y="428"/>
</points>
</Connector>
<Connector class="oracle.dbtools.crest.swingui.relational.TVFKRelation" oid="CDDEF4B9-5F2A-9630-4860-B6FE8F759503" otype="FKIndexAssociation" vid_source="D4D8CE16-A255-F344-94D6-76B1FCE69695" vid_target="90A6EFD4-83ED-1A68-F60A-A4F580563D1A">
<hideElementsInCurrentOnly>false</hideElementsInCurrentOnly>
<backgroundColor>-16777216</backgroundColor>
<lineWidth>1</lineWidth>
<points>
<point x="1185" y="748"/>
<point x="1185" y="692"/>
</points>
</Connector>
<Connector class="oracle.dbtools.crest.swingui.relational.TVFKRelation" oid="DDC0E7FC-73EE-ADAE-79C5-52E532B7302B" otype="FKIndexAssociation" vid_source="033FCFD8-3B83-1A4A-34FC-E55B98B49D46" vid_target="961D25B5-6442-AFD4-122F-4533925E5A68">
<hideElementsInCurrentOnly>false</hideElementsInCurrentOnly>
<backgroundColor>-16777216</backgroundColor>
<lineWidth>1</lineWidth>
<points>
<point x="446" y="378"/>
<point x="297" y="378"/>
</points>
</Connector>
<Connector class="oracle.dbtools.crest.swingui.relational.TVFKRelation" oid="E7CC736D-1B36-F2C0-6A0F-820CD8247B84" otype="FKIndexAssociation" vid_source="7BB8EC66-EF2F-2F07-5720-E238C802E631" vid_target="033FCFD8-3B83-1A4A-34FC-E55B98B49D46">
<hideElementsInCurrentOnly>false</hideElementsInCurrentOnly>
<backgroundColor>-16777216</backgroundColor>
<lineWidth>1</lineWidth>
<points>
<point x="534" y="572"/>
<point x="534" y="455"/>
</points>
</Connector>
</connectors>
</Diagram>