<?xml version = '1.0' encoding = 'UTF-8'?>
<FKIndexAssociation class="oracle.dbtools.crest.model.design.relational.FKIndexAssociation" directorySegmentName="seg_0" id="103D8613-9746-FD8B-2B8C-D2BDF2E78648" containerWithKeyObject="808C7FCB-48B2-E48B-E45A-EF804A8C9F40" localFKIndex="FC4F7A1D-A127-2CA7-0F0A-DA6F719B280D" name="items_item_required">
<createdBy>lisongyuan</createdBy>
<createdTime>2019-04-28 10:42:49 UTC</createdTime>
<generatorID>EE90876E-CC43-1E2F-83D7-648002A00161</generatorID>
<ownerDesignName>mh_logical</ownerDesignName>
<referredTableLongName>Items</referredTableLongName>
<deleteRule>NO ACTION</deleteRule>
<referredTableID>52D72A50-F1D7-8392-74EE-13C6A54C6583</referredTableID>
<keyObject>BF89E3D1-7D4B-DE0D-416C-9825E9AADD3C</keyObject>
<referredKeyID>BF89E3D1-7D4B-DE0D-416C-9825E9AADD3C</referredKeyID>
<mandatory>true</mandatory>
<refColNames>item_code</refColNames>
<transferable>true</transferable>
<rely>false</rely>
<columnDependencyConstraintGenerateInDDL>true</columnDependencyConstraintGenerateInDDL>
</FKIndexAssociation>