<?xml version = '1.0' encoding = 'UTF-8'?>
<FKIndexAssociation class="oracle.dbtools.crest.model.design.relational.FKIndexAssociation" directorySegmentName="seg_0" id="1230030E-B2C9-FB9E-B558-4D8F88D35E18" containerWithKeyObject="B7809D00-33D0-7E9A-BF7B-C16D506C501E" localFKIndex="265A2164-8BC2-C016-AE3B-1CA05599F597" name="nurse_allocation">
<createdBy>lisongyuan</createdBy>
<createdTime>2019-04-28 10:42:49 UTC</createdTime>
<generatorID>CEF0C87A-BCCB-3B51-A36F-4A94C1683725</generatorID>
<ownerDesignName>mh_logical</ownerDesignName>
<referredTableLongName>Nursing_staff</referredTableLongName>
<deleteRule>NO ACTION</deleteRule>
<referredTableID>4569AF43-7CA4-61F4-6C22-A80FBB2D369F</referredTableID>
<keyObject>166D4183-3E87-76C9-2B56-8496B6770FF6</keyObject>
<referredKeyID>166D4183-3E87-76C9-2B56-8496B6770FF6</referredKeyID>
<mandatory>true</mandatory>
<refColNames>nurse_id</refColNames>
<transferable>true</transferable>
<rely>false</rely>
<columnDependencyConstraintGenerateInDDL>true</columnDependencyConstraintGenerateInDDL>
</FKIndexAssociation>