<?xml version = '1.0' encoding = 'UTF-8'?>
<FKIndexAssociation class="oracle.dbtools.crest.model.design.relational.FKIndexAssociation" directorySegmentName="seg_0" id="186E252F-6CCB-389D-6942-F6C82230596B" containerWithKeyObject="FD7616EA-DAAD-7E38-F278-DDCB4417A4F8" localFKIndex="9C7D421E-2FD3-568D-E80A-297B16E90514" name="carryout_doctor_procedure">
<createdBy>lisongyuan</createdBy>
<createdTime>2019-04-28 10:42:49 UTC</createdTime>
<generatorID>950D63CB-C587-7304-2DAC-C9BF62B26E9C</generatorID>
<ownerDesignName>mh_logical</ownerDesignName>
<referredTableLongName>Dcotors</referredTableLongName>
<deleteRule>NO ACTION</deleteRule>
<referredTableID>5EE9E9E9-29C0-7305-EE02-6F90C5D57B13</referredTableID>
<keyObject>CE90C4CA-EC81-8D05-5571-6A4A0FB874CF</keyObject>
<referredKeyID>CE90C4CA-EC81-8D05-5571-6A4A0FB874CF</referredKeyID>
<mandatory>false</mandatory>
<refColNames>doc_id</refColNames>
<transferable>true</transferable>
<rely>false</rely>
<columnDependencyConstraintGenerateInDDL>true</columnDependencyConstraintGenerateInDDL>
</FKIndexAssociation>