<?xml version = '1.0' encoding = 'UTF-8'?>
<FKIndexAssociation class="oracle.dbtools.crest.model.design.relational.FKIndexAssociation" directorySegmentName="seg_0" id="1880B5BE-1F3C-BB8D-EE0E-473F5826D562" containerWithKeyObject="52D72A50-F1D7-8392-74EE-13C6A54C6583" localFKIndex="7725056B-BE6B-CC63-2C58-FFFD10D84B71" name="cost_centre_items">
<createdBy>lisongyuan</createdBy>
<createdTime>2019-04-28 10:42:49 UTC</createdTime>
<generatorID>9747A00A-C316-2829-33C5-A6B1B45D604C</generatorID>
<ownerDesignName>mh_logical</ownerDesignName>
<referredTableLongName>Cost_centre</referredTableLongName>
<deleteRule>NO ACTION</deleteRule>
<referredTableID>C46AF2CA-3668-8F89-B071-77376B276C42</referredTableID>
<keyObject>0614CA9B-1475-E75B-2123-2611D6BF571C</keyObject>
<referredKeyID>0614CA9B-1475-E75B-2123-2611D6BF571C</referredKeyID>
<mandatory>true</mandatory>
<refColNames>centre_code</refColNames>
<transferable>true</transferable>
<rely>false</rely>
<columnDependencyConstraintGenerateInDDL>true</columnDependencyConstraintGenerateInDDL>
</FKIndexAssociation>