<?xml version = '1.0' encoding = 'UTF-8'?>
<FKIndexAssociation class="oracle.dbtools.crest.model.design.relational.FKIndexAssociation" directorySegmentName="seg_0" id="4F875242-7328-FFE7-F38B-A8009EE3597C" containerWithKeyObject="028AEA7F-E355-B780-6735-B91C630183BE" localFKIndex="0D2126FB-A86D-91FD-1C09-D96D91497B9B" name="Spec_doctor_spec">
<createdBy>lisongyuan</createdBy>
<createdTime>2019-04-28 10:42:49 UTC</createdTime>
<generatorID>B445D3EE-98B2-CFF6-54CC-AF128EF898D3</generatorID>
<ownerDesignName>mh_logical</ownerDesignName>
<referredTableLongName>Specialisation</referredTableLongName>
<deleteRule>NO ACTION</deleteRule>
<referredTableID>8A8A5EF5-E0D5-44A1-9AEC-8F45FB670F2B</referredTableID>
<keyObject>E77AA1BC-64A0-3354-F782-E1004EC7B93A</keyObject>
<referredKeyID>E77AA1BC-64A0-3354-F782-E1004EC7B93A</referredKeyID>
<mandatory>true</mandatory>
<refColNames>spe_name</refColNames>
<transferable>true</transferable>
<rely>false</rely>
<columnDependencyConstraintGenerateInDDL>true</columnDependencyConstraintGenerateInDDL>
</FKIndexAssociation>