<?xml version = '1.0' encoding = 'UTF-8'?>
<FKIndexAssociation class="oracle.dbtools.crest.model.design.relational.FKIndexAssociation" directorySegmentName="seg_0" id="63DA5CFB-7054-2341-2F51-502AAEB10172" containerWithKeyObject="04B39566-20B8-FEBC-D50B-0F2FB4CC5466" localFKIndex="CFF0342C-2C70-3750-C3AA-ACCDF4F6F2BE" name="bed__bed_assignments">
<createdBy>lisongyuan</createdBy>
<createdTime>2019-04-28 10:42:49 UTC</createdTime>
<generatorID>4A3A3131-0E2B-FC18-FB51-B57944577BBF</generatorID>
<ownerDesignName>mh_logical</ownerDesignName>
<referredTableLongName>Bed</referredTableLongName>
<deleteRule>NO ACTION</deleteRule>
<referredTableID>92546FD2-352C-5234-C874-4C3C2B9AC4C2</referredTableID>
<keyObject>60717687-3B08-E619-EAC5-51CF514E735B</keyObject>
<referredKeyID>60717687-3B08-E619-EAC5-51CF514E735B</referredKeyID>
<mandatory>true</mandatory>
<refColNames>ward_code,bed_no</refColNames>
<transferable>true</transferable>
<rely>false</rely>
<columnDependencyConstraintGenerateInDDL>true</columnDependencyConstraintGenerateInDDL>
</FKIndexAssociation>