<?xml version = '1.0' encoding = 'UTF-8'?>
<FKIndexAssociation class="oracle.dbtools.crest.model.design.relational.FKIndexAssociation" directorySegmentName="seg_0" id="6EB98E18-018C-ED5B-8824-4FC9CBE47DA0" containerWithKeyObject="04B39566-20B8-FEBC-D50B-0F2FB4CC5466" localFKIndex="0D6CCD31-AB06-339A-FAFF-02D228C4FF1F" name="admissions_bed_assignments">
<createdBy>lisongyuan</createdBy>
<createdTime>2019-04-28 10:42:49 UTC</createdTime>
<generatorID>FDDAD19E-372D-34F3-8FE6-F3AF80CA33EA</generatorID>
<ownerDesignName>mh_logical</ownerDesignName>
<referredTableLongName>Admissions</referredTableLongName>
<deleteRule>NO ACTION</deleteRule>
<referredTableID>C86C41C4-F9CE-D5DA-1BCB-D57E567F9F8A</referredTableID>
<keyObject>1923D3C8-F922-5BC2-9E55-795350EA6B58</keyObject>
<referredKeyID>1923D3C8-F922-5BC2-9E55-795350EA6B58</referredKeyID>
<mandatory>true</mandatory>
<refColNames>ad_id</refColNames>
<transferable>true</transferable>
<rely>false</rely>
<columnDependencyConstraintGenerateInDDL>true</columnDependencyConstraintGenerateInDDL>
</FKIndexAssociation>