<?xml version = '1.0' encoding = 'UTF-8'?>
<FKIndexAssociation class="oracle.dbtools.crest.model.design.relational.FKIndexAssociation" directorySegmentName="seg_0" id="88CF5536-23E6-0177-9EC5-AADA81120885" containerWithKeyObject="FD7616EA-DAAD-7E38-F278-DDCB4417A4F8" localFKIndex="B2FFC372-0D63-9F9C-EC19-D467BBE5FCFA" name="procedures_pro_details">
<createdBy>lisongyuan</createdBy>
<createdTime>2019-04-28 10:42:49 UTC</createdTime>
<generatorID>B4EBEB3C-067D-13E1-E2E9-D2AAC8FEE2A2</generatorID>
<ownerDesignName>mh_logical</ownerDesignName>
<referredTableLongName>Procedures</referredTableLongName>
<deleteRule>NO ACTION</deleteRule>
<referredTableID>E561DC3D-D42B-5F31-1C54-86FBBC3190D4</referredTableID>
<keyObject>0B1C463F-B9EA-3555-7CEE-21930B3DBB9E</keyObject>
<referredKeyID>0B1C463F-B9EA-3555-7CEE-21930B3DBB9E</referredKeyID>
<mandatory>true</mandatory>
<refColNames>pro_code</refColNames>
<transferable>true</transferable>
<rely>false</rely>
<columnDependencyConstraintGenerateInDDL>true</columnDependencyConstraintGenerateInDDL>
</FKIndexAssociation>