<?xml version = '1.0' encoding = 'UTF-8'?>
<FKIndexAssociation class="oracle.dbtools.crest.model.design.relational.FKIndexAssociation" directorySegmentName="seg_0" id="89EAA708-35A1-F8CE-C2A9-A5CFEE746F30" containerWithKeyObject="B7809D00-33D0-7E9A-BF7B-C16D506C501E" localFKIndex="B523A8F3-1B0D-D329-7C56-79E3CD0CA5B9" name="ward_allocation">
<createdBy>lisongyuan</createdBy>
<createdTime>2019-04-28 10:42:49 UTC</createdTime>
<generatorID>E0648CF4-48A3-C928-7DDE-2CE74A4BCAC8</generatorID>
<ownerDesignName>mh_logical</ownerDesignName>
<referredTableLongName>Ward</referredTableLongName>
<deleteRule>NO ACTION</deleteRule>
<referredTableID>75CA27B4-2730-18AB-87E4-6BB4EEC87C94</referredTableID>
<keyObject>7D7665FF-D7BF-BF42-1FE6-08ADA005B242</keyObject>
<referredKeyID>7D7665FF-D7BF-BF42-1FE6-08ADA005B242</referredKeyID>
<mandatory>true</mandatory>
<refColNames>ward_code</refColNames>
<transferable>true</transferable>
<rely>false</rely>
<columnDependencyConstraintGenerateInDDL>true</columnDependencyConstraintGenerateInDDL>
</FKIndexAssociation>