<?xml version = '1.0' encoding = 'UTF-8'?>
<FKIndexAssociation class="oracle.dbtools.crest.model.design.relational.FKIndexAssociation" directorySegmentName="seg_0" id="ACB303DB-1FF0-7381-4373-1B137B5D2922" containerWithKeyObject="C86C41C4-F9CE-D5DA-1BCB-D57E567F9F8A" localFKIndex="7602A315-1572-77BD-8F2F-1CE2189A106D" name="doctor_admission">
<createdBy>lisongyuan</createdBy>
<createdTime>2019-04-28 10:42:49 UTC</createdTime>
<generatorID>76464CC0-446F-FED9-9295-1683F7E6E057</generatorID>
<ownerDesignName>mh_logical</ownerDesignName>
<referredTableLongName>Dcotors</referredTableLongName>
<deleteRule>NO ACTION</deleteRule>
<referredTableID>5EE9E9E9-29C0-7305-EE02-6F90C5D57B13</referredTableID>
<keyObject>CE90C4CA-EC81-8D05-5571-6A4A0FB874CF</keyObject>
<referredKeyID>CE90C4CA-EC81-8D05-5571-6A4A0FB874CF</referredKeyID>
<mandatory>true</mandatory>
<refColNames>doc_id</refColNames>
<transferable>true</transferable>
<rely>false</rely>
<columnDependencyConstraintGenerateInDDL>true</columnDependencyConstraintGenerateInDDL>
</FKIndexAssociation>