<?xml version = '1.0' encoding = 'UTF-8'?>
<FKIndexAssociation class="oracle.dbtools.crest.model.design.relational.FKIndexAssociation" directorySegmentName="seg_0" id="B3C10A9C-B6A3-D102-EB4A-3B2491D81D0C" containerWithKeyObject="FD7616EA-DAAD-7E38-F278-DDCB4417A4F8" localFKIndex="FABE170D-EAA9-050B-9CE6-3A81A240E0F2" name="request_doctor_procedure">
<createdBy>lisongyuan</createdBy>
<createdTime>2019-04-28 10:42:49 UTC</createdTime>
<generatorID>731997F1-11FE-4A66-02A9-00751A2CEA01</generatorID>
<ownerDesignName>mh_logical</ownerDesignName>
<referredTableLongName>Dcotors</referredTableLongName>
<deleteRule>NO ACTION</deleteRule>
<referredTableID>5EE9E9E9-29C0-7305-EE02-6F90C5D57B13</referredTableID>
<keyObject>CE90C4CA-EC81-8D05-5571-6A4A0FB874CF</keyObject>
<referredKeyID>CE90C4CA-EC81-8D05-5571-6A4A0FB874CF</referredKeyID>
<mandatory>true</mandatory>
<refColNames>doc_id</refColNames>
<transferable>true</transferable>
<rely>false</rely>
<columnDependencyConstraintGenerateInDDL>true</columnDependencyConstraintGenerateInDDL>
</FKIndexAssociation>