<?xml version = '1.0' encoding = 'UTF-8'?>
<FKIndexAssociation class="oracle.dbtools.crest.model.design.relational.FKIndexAssociation" directorySegmentName="seg_0" id="BA78A1C8-06DE-2EB0-5D2F-C0997F322087" containerWithKeyObject="C86C41C4-F9CE-D5DA-1BCB-D57E567F9F8A" localFKIndex="E2F9E358-8604-1AAF-E4C2-750436C3293C" name="patients_admissions">
<createdBy>lisongyuan</createdBy>
<createdTime>2019-04-28 10:42:49 UTC</createdTime>
<generatorID>E153EB61-78F2-05A0-E07D-06747FEBFB8E</generatorID>
<ownerDesignName>mh_logical</ownerDesignName>
<referredTableLongName>Patient</referredTableLongName>
<deleteRule>NO ACTION</deleteRule>
<referredTableID>C5D23429-7F58-60B9-3E44-6DD8AA8292A0</referredTableID>
<keyObject>88F7F762-E791-42AC-374E-FC8BFF63905F</keyObject>
<referredKeyID>88F7F762-E791-42AC-374E-FC8BFF63905F</referredKeyID>
<mandatory>true</mandatory>
<refColNames>pat_id</refColNames>
<transferable>true</transferable>
<rely>false</rely>
<columnDependencyConstraintGenerateInDDL>true</columnDependencyConstraintGenerateInDDL>
</FKIndexAssociation>