<?xml version = '1.0' encoding = 'UTF-8'?>
<FKIndexAssociation class="oracle.dbtools.crest.model.design.relational.FKIndexAssociation" directorySegmentName="seg_0" id="C29F4229-EB17-6C24-8F36-89BB4D8EB95D" containerWithKeyObject="028AEA7F-E355-B780-6735-B91C630183BE" localFKIndex="2A78E59B-13E2-E335-445D-047B03FCBF85" name="doctor_doc_spec">
<createdBy>lisongyuan</createdBy>
<createdTime>2019-04-28 10:42:49 UTC</createdTime>
<generatorID>E677F9AC-F983-7018-B5E1-C5FB414A4300</generatorID>
<ownerDesignName>mh_logical</ownerDesignName>
<referredTableLongName>Dcotors</referredTableLongName>
<deleteRule>NO ACTION</deleteRule>
<referredTableID>5EE9E9E9-29C0-7305-EE02-6F90C5D57B13</referredTableID>
<keyObject>CE90C4CA-EC81-8D05-5571-6A4A0FB874CF</keyObject>
<referredKeyID>CE90C4CA-EC81-8D05-5571-6A4A0FB874CF</referredKeyID>
<mandatory>true</mandatory>
<refColNames>doc_id</refColNames>
<transferable>true</transferable>
<rely>false</rely>
<columnDependencyConstraintGenerateInDDL>true</columnDependencyConstraintGenerateInDDL>
</FKIndexAssociation>