<?xml version = '1.0' encoding = 'UTF-8'?>
<FKIndexAssociation class="oracle.dbtools.crest.model.design.relational.FKIndexAssociation" directorySegmentName="seg_0" id="CDDEF4B9-5F2A-9630-4860-B6FE8F759503" containerWithKeyObject="92546FD2-352C-5234-C874-4C3C2B9AC4C2" localFKIndex="304E9C0A-7611-FC8A-0485-9745F78A1059" name="ward_bed">
<createdBy>lisongyuan</createdBy>
<createdTime>2019-04-28 10:42:49 UTC</createdTime>
<generatorID>35B3FE11-8DC4-2B4C-8BED-DCDF0F1E2DDD</generatorID>
<ownerDesignName>mh_logical</ownerDesignName>
<referredTableLongName>Ward</referredTableLongName>
<deleteRule>NO ACTION</deleteRule>
<referredTableID>75CA27B4-2730-18AB-87E4-6BB4EEC87C94</referredTableID>
<keyObject>7D7665FF-D7BF-BF42-1FE6-08ADA005B242</keyObject>
<referredKeyID>7D7665FF-D7BF-BF42-1FE6-08ADA005B242</referredKeyID>
<mandatory>true</mandatory>
<refColNames>ward_code</refColNames>
<transferable>true</transferable>
<rely>false</rely>
<columnDependencyConstraintGenerateInDDL>true</columnDependencyConstraintGenerateInDDL>
</FKIndexAssociation>