<?xml version = '1.0' encoding = 'UTF-8'?>
<FKIndexAssociation class="oracle.dbtools.crest.model.design.relational.FKIndexAssociation" directorySegmentName="seg_0" id="DDC0E7FC-73EE-ADAE-79C5-52E532B7302B" containerWithKeyObject="808C7FCB-48B2-E48B-E45A-EF804A8C9F40" localFKIndex="4808CFB7-D552-1B7B-FA2D-31122C240872" name="Relation_7">
<createdBy>lisongyuan</createdBy>
<createdTime>2019-04-28 10:42:49 UTC</createdTime>
<generatorID>0FA6FE09-4FE7-A64F-7B47-65928195EF1E</generatorID>
<ownerDesignName>mh_logical</ownerDesignName>
<referredTableLongName>Procedures_details</referredTableLongName>
<deleteRule>NO ACTION</deleteRule>
<referredTableID>FD7616EA-DAAD-7E38-F278-DDCB4417A4F8</referredTableID>
<keyObject>716CC8EA-E99A-7CCD-0D98-0CAAC05AC71E</keyObject>
<referredKeyID>716CC8EA-E99A-7CCD-0D98-0CAAC05AC71E</referredKeyID>
<mandatory>true</mandatory>
<refColNames>pro_date/time,ad_id</refColNames>
<transferable>true</transferable>
<rely>false</rely>
<columnDependencyConstraintGenerateInDDL>true</columnDependencyConstraintGenerateInDDL>
</FKIndexAssociation>