<?xml version = '1.0' encoding = 'UTF-8'?>
<FKIndexAssociation class="oracle.dbtools.crest.model.design.relational.FKIndexAssociation" directorySegmentName="seg_0" id="E7CC736D-1B36-F2C0-6A0F-820CD8247B84" containerWithKeyObject="FD7616EA-DAAD-7E38-F278-DDCB4417A4F8" localFKIndex="E926E061-0445-DCE2-D415-51147332C1F4" name="admission_procedure">
<createdBy>lisongyuan</createdBy>
<createdTime>2019-04-28 10:42:49 UTC</createdTime>
<generatorID>F6BE48C1-2DBF-2A14-2163-D991F5E55FB4</generatorID>
<ownerDesignName>mh_logical</ownerDesignName>
<referredTableLongName>Admissions</referredTableLongName>
<deleteRule>NO ACTION</deleteRule>
<referredTableID>C86C41C4-F9CE-D5DA-1BCB-D57E567F9F8A</referredTableID>
<keyObject>1923D3C8-F922-5BC2-9E55-795350EA6B58</keyObject>
<referredKeyID>1923D3C8-F922-5BC2-9E55-795350EA6B58</referredKeyID>
<mandatory>true</mandatory>
<refColNames>ad_id</refColNames>
<transferable>true</transferable>
<rely>false</rely>
<columnDependencyConstraintGenerateInDDL>true</columnDependencyConstraintGenerateInDDL>
</FKIndexAssociation>