<?xml version = '1.0' encoding = 'UTF-8'?>
<Relation class="oracle.dbtools.crest.model.design.logical.Relation" name="nurse_allocation" directorySegmentName="seg_0" id="0002FA5C-874A-5D42-F250-214A8992945D">
<createdBy>lisongyuan</createdBy>
<createdTime>2019-04-28 12:27:39 UTC</createdTime>
<generatorID>1230030E-B2C9-FB9E-B558-4D8F88D35E18</generatorID>
<ownerDesignName>mh_logical</ownerDesignName>
<engineerTo>
<item key="D863919B-74DA-621E-EB76-98F1CA1D275D" value="true"/>
</engineerTo>
<sourcePk>2AC9478E-EC5F-7BB1-8B32-89532FAF608C</sourcePk>
<dominantRole>1EED642F-68ED-6C9D-3F97-AED0F6309D00</dominantRole>
<identifying>true</identifying>
<nameOnSource>is assigned to</nameOnSource>
<optionalSource>true</optionalSource>
<optionalTarget>false</optionalTarget>
<sourceCardinality>1</sourceCardinality>
<sourceEntity>1EED642F-68ED-6C9D-3F97-AED0F6309D00</sourceEntity>
<targetCardinalityString>*</targetCardinalityString>
<targetEntity>E87DD7FD-627F-ACEC-172E-5A98C077E2FF</targetEntity>
<transferable>true</transferable>
</Relation>