<?xml version = '1.0' encoding = 'UTF-8'?>
<Relation class="oracle.dbtools.crest.model.design.logical.Relation" name="procedures_pro_details" directorySegmentName="seg_0" id="0E873BE5-F4F0-4FE5-7F32-1A2DCCEF1EEC">
<createdBy>lisongyuan</createdBy>
<createdTime>2019-04-28 12:27:39 UTC</createdTime>
<generatorID>88CF5536-23E6-0177-9EC5-AADA81120885</generatorID>
<ownerDesignName>mh_logical</ownerDesignName>
<engineerTo>
<item key="D863919B-74DA-621E-EB76-98F1CA1D275D" value="true"/>
</engineerTo>
<sourcePk>3CA672C7-9B72-ECC6-D806-A1599D25DFB7</sourcePk>
<identifying>false</identifying>
<nameOnSource>involve</nameOnSource>
<optionalSource>false</optionalSource>
<optionalTarget>false</optionalTarget>
<sourceCardinality>1</sourceCardinality>
<sourceEntity>D0AAE1FB-2A02-F3D0-BE9B-DE1904AF9622</sourceEntity>
<targetCardinalityString>*</targetCardinalityString>
<targetEntity>8CE646C0-B6DE-DDC4-6CF0-DB87D8896997</targetEntity>
<transferable>true</transferable>
</Relation>