<?xml version = '1.0' encoding = 'UTF-8'?>
<Relation class="oracle.dbtools.crest.model.design.logical.Relation" name="bed__bed_assignments" directorySegmentName="seg_0" id="1302BF56-23AC-1A0B-73AD-381CACA1221F">
<createdBy>lisongyuan</createdBy>
<createdTime>2019-04-28 12:27:39 UTC</createdTime>
<generatorID>63DA5CFB-7054-2341-2F51-502AAEB10172</generatorID>
<ownerDesignName>mh_logical</ownerDesignName>
<engineerTo>
<item key="D863919B-74DA-621E-EB76-98F1CA1D275D" value="true"/>
</engineerTo>
<sourcePk>8A88CB1C-2D8C-D0E6-FFA6-CEDF01C721C9</sourcePk>
<identifying>false</identifying>
<nameOnSource>contains</nameOnSource>
<optionalSource>true</optionalSource>
<optionalTarget>false</optionalTarget>
<sourceCardinality>1</sourceCardinality>
<sourceEntity>EF1926B9-147C-54CF-3DDC-499B8CCFF441</sourceEntity>
<targetCardinalityString>*</targetCardinalityString>
<targetEntity>672B8400-3819-E886-D23A-BFF3CD75B859</targetEntity>
<transferable>true</transferable>
</Relation>