<?xml version = '1.0' encoding = 'UTF-8'?>
<Relation class="oracle.dbtools.crest.model.design.logical.Relation" name="admission_procedure" directorySegmentName="seg_0" id="408901C2-8685-6C77-6C4F-D46DB4D38E3E">
<createdBy>lisongyuan</createdBy>
<createdTime>2019-04-28 12:27:39 UTC</createdTime>
<generatorID>E7CC736D-1B36-F2C0-6A0F-820CD8247B84</generatorID>
<ownerDesignName>mh_logical</ownerDesignName>
<engineerTo>
<item key="D863919B-74DA-621E-EB76-98F1CA1D275D" value="true"/>
</engineerTo>
<sourcePk>0B2857CC-C515-C213-FDD0-A4A5E95A9B40</sourcePk>
<identifying>true</identifying>
<nameOnSource>contain</nameOnSource>
<optionalSource>true</optionalSource>
<optionalTarget>false</optionalTarget>
<sourceCardinality>1</sourceCardinality>
<sourceEntity>54DE94E7-C6F2-F2D9-4181-78FBD265E20B</sourceEntity>
<targetCardinalityString>*</targetCardinalityString>
<targetEntity>8CE646C0-B6DE-DDC4-6CF0-DB87D8896997</targetEntity>
<transferable>true</transferable>
</Relation>