<?xml version = '1.0' encoding = 'UTF-8'?>
<Relation class="oracle.dbtools.crest.model.design.logical.Relation" name="ward_bed" directorySegmentName="seg_0" id="4D7B8C96-535C-031F-8EAE-A0AC3EF0EE67">
<createdBy>lisongyuan</createdBy>
<createdTime>2019-04-28 12:27:39 UTC</createdTime>
<generatorID>CDDEF4B9-5F2A-9630-4860-B6FE8F759503</generatorID>
<ownerDesignName>mh_logical</ownerDesignName>
<engineerTo>
<item key="D863919B-74DA-621E-EB76-98F1CA1D275D" value="true"/>
</engineerTo>
<sourcePk>F8DA9BE5-D554-1041-7358-496522132ADA</sourcePk>
<dominantRole>9F8B7DA4-20BC-C179-C7CB-48D2AA53CAFC</dominantRole>
<identifying>true</identifying>
<nameOnSource>locate</nameOnSource>
<optionalSource>false</optionalSource>
<optionalTarget>false</optionalTarget>
<sourceCardinality>1</sourceCardinality>
<sourceEntity>9F8B7DA4-20BC-C179-C7CB-48D2AA53CAFC</sourceEntity>
<targetCardinalityString>*</targetCardinalityString>
<targetEntity>EF1926B9-147C-54CF-3DDC-499B8CCFF441</targetEntity>
<transferable>true</transferable>
</Relation>