<?xml version = '1.0' encoding = 'UTF-8'?>
<Relation class="oracle.dbtools.crest.model.design.logical.Relation" name="doctor_admission" directorySegmentName="seg_0" id="518A661E-9D81-14B5-0168-81258940D47F">
<createdBy>lisongyuan</createdBy>
<createdTime>2019-04-28 12:27:39 UTC</createdTime>
<generatorID>ACB303DB-1FF0-7381-4373-1B137B5D2922</generatorID>
<ownerDesignName>mh_logical</ownerDesignName>
<engineerTo>
<item key="D863919B-74DA-621E-EB76-98F1CA1D275D" value="true"/>
</engineerTo>
<sourcePk>1994709F-E87F-B593-1056-67BD85F93610</sourcePk>
<identifying>false</identifying>
<nameOnSource>supervising</nameOnSource>
<optionalSource>false</optionalSource>
<optionalTarget>false</optionalTarget>
<sourceCardinality>1</sourceCardinality>
<sourceEntity>A94211F8-A69A-3589-787E-B4F52B43BE4D</sourceEntity>
<targetCardinalityString>*</targetCardinalityString>
<targetEntity>54DE94E7-C6F2-F2D9-4181-78FBD265E20B</targetEntity>
<transferable>true</transferable>
</Relation>