<?xml version = '1.0' encoding = 'UTF-8'?>
<Relation class="oracle.dbtools.crest.model.design.logical.Relation" name="admissions_bed_assignments" directorySegmentName="seg_0" id="6E75BF01-8574-E44D-25D0-795FE735319B">
<createdBy>lisongyuan</createdBy>
<createdTime>2019-04-28 12:27:39 UTC</createdTime>
<generatorID>6EB98E18-018C-ED5B-8824-4FC9CBE47DA0</generatorID>
<ownerDesignName>mh_logical</ownerDesignName>
<engineerTo>
<item key="D863919B-74DA-621E-EB76-98F1CA1D275D" value="true"/>
</engineerTo>
<sourcePk>0B2857CC-C515-C213-FDD0-A4A5E95A9B40</sourcePk>
<identifying>true</identifying>
<nameOnSource>need</nameOnSource>
<optionalSource>false</optionalSource>
<optionalTarget>false</optionalTarget>
<sourceCardinality>1</sourceCardinality>
<sourceEntity>54DE94E7-C6F2-F2D9-4181-78FBD265E20B</sourceEntity>
<targetCardinalityString>*</targetCardinalityString>
<targetEntity>672B8400-3819-E886-D23A-BFF3CD75B859</targetEntity>
<transferable>true</transferable>
</Relation>