<?xml version = '1.0' encoding = 'UTF-8'?>
<Relation class="oracle.dbtools.crest.model.design.logical.Relation" name="Relation_7" directorySegmentName="seg_0" id="73A31F09-6D55-26E6-7BC6-11F88747C0E5">
<createdBy>lisongyuan</createdBy>
<createdTime>2019-04-28 12:27:39 UTC</createdTime>
<generatorID>DDC0E7FC-73EE-ADAE-79C5-52E532B7302B</generatorID>
<ownerDesignName>mh_logical</ownerDesignName>
<engineerTo>
<item key="D863919B-74DA-621E-EB76-98F1CA1D275D" value="true"/>
</engineerTo>
<sourcePk>EA66BED4-45F8-B105-3144-043EFF09F420</sourcePk>
<identifying>false</identifying>
<nameOnSource>require</nameOnSource>
<optionalSource>false</optionalSource>
<optionalTarget>false</optionalTarget>
<sourceCardinality>1</sourceCardinality>
<sourceEntity>8CE646C0-B6DE-DDC4-6CF0-DB87D8896997</sourceEntity>
<targetCardinalityString>*</targetCardinalityString>
<targetEntity>34AEE515-752C-56E7-5552-2F8B11B763D7</targetEntity>
<transferable>true</transferable>
</Relation>