<?xml version = '1.0' encoding = 'UTF-8'?>
<Relation class="oracle.dbtools.crest.model.design.logical.Relation" name="request_doctor_procedure" directorySegmentName="seg_0" id="7C1B32C6-1576-8FFE-702F-D5B8018CC775">
<createdBy>lisongyuan</createdBy>
<createdTime>2019-04-28 12:27:39 UTC</createdTime>
<generatorID>B3C10A9C-B6A3-D102-EB4A-3B2491D81D0C</generatorID>
<ownerDesignName>mh_logical</ownerDesignName>
<engineerTo>
<item key="D863919B-74DA-621E-EB76-98F1CA1D275D" value="true"/>
</engineerTo>
<sourcePk>1994709F-E87F-B593-1056-67BD85F93610</sourcePk>
<identifying>false</identifying>
<nameOnSource>request</nameOnSource>
<optionalSource>false</optionalSource>
<optionalTarget>false</optionalTarget>
<sourceCardinality>1</sourceCardinality>
<sourceEntity>A94211F8-A69A-3589-787E-B4F52B43BE4D</sourceEntity>
<targetCardinalityString>*</targetCardinalityString>
<targetEntity>8CE646C0-B6DE-DDC4-6CF0-DB87D8896997</targetEntity>
<transferable>true</transferable>
</Relation>