<?xml version = '1.0' encoding = 'UTF-8'?>
<Relation class="oracle.dbtools.crest.model.design.logical.Relation" name="doctor_doc_spec" directorySegmentName="seg_0" id="8E5AA7B3-B290-6D29-A682-B3340FB7E949">
<createdBy>lisongyuan</createdBy>
<createdTime>2019-04-28 12:27:39 UTC</createdTime>
<generatorID>C29F4229-EB17-6C24-8F36-89BB4D8EB95D</generatorID>
<ownerDesignName>mh_logical</ownerDesignName>
<engineerTo>
<item key="D863919B-74DA-621E-EB76-98F1CA1D275D" value="true"/>
</engineerTo>
<sourcePk>1994709F-E87F-B593-1056-67BD85F93610</sourcePk>
<identifying>true</identifying>
<nameOnSource>have</nameOnSource>
<optionalSource>true</optionalSource>
<optionalTarget>false</optionalTarget>
<sourceCardinality>1</sourceCardinality>
<sourceEntity>A94211F8-A69A-3589-787E-B4F52B43BE4D</sourceEntity>
<targetCardinalityString>*</targetCardinalityString>
<targetEntity>95483D4F-72D7-1706-74B0-3B82097B7E4C</targetEntity>
<transferable>true</transferable>
</Relation>