<?xml version = '1.0' encoding = 'UTF-8'?>
<Relation class="oracle.dbtools.crest.model.design.logical.Relation" name="patients_admissions" directorySegmentName="seg_0" id="A51D273D-6DE8-9781-884D-DE39A58C7404">
<createdBy>lisongyuan</createdBy>
<createdTime>2019-04-28 12:27:39 UTC</createdTime>
<generatorID>BA78A1C8-06DE-2EB0-5D2F-C0997F322087</generatorID>
<ownerDesignName>mh_logical</ownerDesignName>
<engineerTo>
<item key="D863919B-74DA-621E-EB76-98F1CA1D275D" value="true"/>
</engineerTo>
<sourcePk>4FA851E6-4563-6AD6-7E21-FFBB175A0C89</sourcePk>
<identifying>false</identifying>
<nameOnSource>be admitted to</nameOnSource>
<optionalSource>false</optionalSource>
<optionalTarget>false</optionalTarget>
<sourceCardinality>1</sourceCardinality>
<sourceEntity>F0294406-6078-956F-9B86-4DD0E4158838</sourceEntity>
<targetCardinalityString>*</targetCardinalityString>
<targetEntity>54DE94E7-C6F2-F2D9-4181-78FBD265E20B</targetEntity>
<transferable>true</transferable>
</Relation>