<?xml version = '1.0' encoding = 'UTF-8'?>
<Relation class="oracle.dbtools.crest.model.design.logical.Relation" name="cost_centre_items" directorySegmentName="seg_0" id="B26EDE27-B6A0-3DD8-5B45-CCCDC0A80E09">
<createdBy>lisongyuan</createdBy>
<createdTime>2019-04-28 12:27:39 UTC</createdTime>
<generatorID>1880B5BE-1F3C-BB8D-EE0E-473F5826D562</generatorID>
<ownerDesignName>mh_logical</ownerDesignName>
<engineerTo>
<item key="D863919B-74DA-621E-EB76-98F1CA1D275D" value="true"/>
</engineerTo>
<sourcePk>A1A65814-092F-C2B3-D0A1-4C3C4918499D</sourcePk>
<identifying>false</identifying>
<nameOnSource>is assigned to</nameOnSource>
<optionalSource>true</optionalSource>
<optionalTarget>false</optionalTarget>
<sourceCardinality>1</sourceCardinality>
<sourceEntity>1F08D689-548D-B280-B271-0C7B84203E69</sourceEntity>
<targetCardinalityString>*</targetCardinalityString>
<targetEntity>3B7587FD-30F9-2CAF-C162-34C58B3A4F88</targetEntity>
<transferable>true</transferable>
</Relation>