<?xml version = '1.0' encoding = 'UTF-8'?>
<Relation class="oracle.dbtools.crest.model.design.logical.Relation" name="Spec_doctor_spec" directorySegmentName="seg_0" id="CCD6722C-F771-F77D-C47B-5D68E267E7FD">
<createdBy>lisongyuan</createdBy>
<createdTime>2019-04-28 12:27:39 UTC</createdTime>
<generatorID>4F875242-7328-FFE7-F38B-A8009EE3597C</generatorID>
<ownerDesignName>mh_logical</ownerDesignName>
<engineerTo>
<item key="D863919B-74DA-621E-EB76-98F1CA1D275D" value="true"/>
</engineerTo>
<sourcePk>245D93C5-CDB7-5BF2-9971-932A338F67A0</sourcePk>
<identifying>true</identifying>
<nameOnSource>contains</nameOnSource>
<optionalSource>true</optionalSource>
<optionalTarget>false</optionalTarget>
<sourceCardinality>1</sourceCardinality>
<sourceEntity>2D38C15B-F7A9-1B12-E854-8C05980EEB19</sourceEntity>
<targetCardinalityString>*</targetCardinalityString>
<targetEntity>95483D4F-72D7-1706-74B0-3B82097B7E4C</targetEntity>
<transferable>true</transferable>
</Relation>