<?xml version = '1.0' encoding = 'UTF-8'?>
<Relation class="oracle.dbtools.crest.model.design.logical.Relation" name="items_item_required" directorySegmentName="seg_0" id="E6B504BA-CE2D-3399-AA14-1334A676CE20">
<createdBy>lisongyuan</createdBy>
<createdTime>2019-04-28 12:27:39 UTC</createdTime>
<generatorID>103D8613-9746-FD8B-2B8C-D2BDF2E78648</generatorID>
<ownerDesignName>mh_logical</ownerDesignName>
<engineerTo>
<item key="D863919B-74DA-621E-EB76-98F1CA1D275D" value="true"/>
</engineerTo>
<sourcePk>ACDAC6A6-B658-56D5-6E21-7BE91A75AB2A</sourcePk>
<identifying>true</identifying>
<nameOnSource>contain</nameOnSource>
<optionalSource>false</optionalSource>
<optionalTarget>false</optionalTarget>
<sourceCardinality>1</sourceCardinality>
<sourceEntity>3B7587FD-30F9-2CAF-C162-34C58B3A4F88</sourceEntity>
<targetCardinalityString>*</targetCardinalityString>
<targetEntity>34AEE515-752C-56E7-5552-2F8B11B763D7</targetEntity>
<transferable>true</transferable>
</Relation>