<?xml version = '1.0' encoding = 'UTF-8'?>
<Relation class="oracle.dbtools.crest.model.design.logical.Relation" name="ward_allocation" directorySegmentName="seg_0" id="E7FAF280-AD34-F730-1FD8-5D700D410ECC">
<createdBy>lisongyuan</createdBy>
<createdTime>2019-04-28 12:27:39 UTC</createdTime>
<generatorID>89EAA708-35A1-F8CE-C2A9-A5CFEE746F30</generatorID>
<ownerDesignName>mh_logical</ownerDesignName>
<engineerTo>
<item key="D863919B-74DA-621E-EB76-98F1CA1D275D" value="true"/>
</engineerTo>
<sourcePk>F8DA9BE5-D554-1041-7358-496522132ADA</sourcePk>
<identifying>false</identifying>
<nameOnSource>assign</nameOnSource>
<optionalSource>false</optionalSource>
<optionalTarget>false</optionalTarget>
<sourceCardinality>1</sourceCardinality>
<sourceEntity>9F8B7DA4-20BC-C179-C7CB-48D2AA53CAFC</sourceEntity>
<targetCardinalityString>*</targetCardinalityString>
<targetEntity>E87DD7FD-627F-ACEC-172E-5A98C077E2FF</targetEntity>
<transferable>true</transferable>
</Relation>