<?xml version = '1.0' encoding = 'UTF-8'?>
<Relation class="oracle.dbtools.crest.model.design.logical.Relation" name="carryout_doctor_procedure" directorySegmentName="seg_0" id="E92DF72F-D3C4-C811-DB0F-34A2B8B063CB">
<createdBy>lisongyuan</createdBy>
<createdTime>2019-04-28 12:27:39 UTC</createdTime>
<generatorID>186E252F-6CCB-389D-6942-F6C82230596B</generatorID>
<ownerDesignName>mh_logical</ownerDesignName>
<engineerTo>
<item key="D863919B-74DA-621E-EB76-98F1CA1D275D" value="true"/>
</engineerTo>
<sourcePk>1994709F-E87F-B593-1056-67BD85F93610</sourcePk>
<identifying>false</identifying>
<nameOnSource>carry out</nameOnSource>
<optionalSource>true</optionalSource>
<optionalTarget>true</optionalTarget>
<sourceCardinality>1</sourceCardinality>
<sourceEntity>A94211F8-A69A-3589-787E-B4F52B43BE4D</sourceEntity>
<targetCardinalityString>*</targetCardinalityString>
<targetEntity>8CE646C0-B6DE-DDC4-6CF0-DB87D8896997</targetEntity>
<transferable>true</transferable>
</Relation>